,Album,ReleaseDate,SongName,SongDuration,Acousticness,Danceability,Energy,Instrumentalness,Liveness,Loudness,Speechiness,Tempo,Valence,Popularity
278,Abbey Road (Remastered),1969-09-26,Here Comes The Sun - Remastered 2009,185733,0.0339,0.557,0.54,0.00248,0.179,-10.484,0.0347,129.171,0.394,82
272,Abbey Road (Remastered),1969-09-26,Come Together - Remastered 2009,259946,0.0302,0.533,0.376,0.248,0.0926,-11.913,0.0393,165.007,0.187,79
265,Let It Be (Remastered),1970-05-08,Let It Be - Remastered 2009,243026,0.631,0.443,0.403,0.0,0.111,-8.339,0.0322,143.462,0.41,78
508,Help! (Remastered),1965-08-06,Yesterday - Remastered 2009,125666,0.879,0.332,0.179,0.0,0.0886,-11.83,0.0326,96.529,0.315,77
203,1 (Remastered),2000-11-13,Hey Jude - Remastered 2015,425653,0.0112,0.386,0.607,1.38e-05,0.088,-7.7,0.0261,147.207,0.532,76
312,The Beatles (Remastered),1968-11-22,Blackbird - Remastered 2009,138386,0.754,0.686,0.127,1.41e-05,0.0573,-14.361,0.0342,93.699,0.372,74
492,Rubber Soul (Remastered),1965-12-03,In My Life - Remastered 2009,146333,0.449,0.688,0.435,0.0,0.113,-11.359,0.0323,103.239,0.435,73
186,1 (Remastered),2000-11-13,I Want To Hold Your Hand - Remastered 2015,145746,0.386,0.49,0.715,0.0,0.311,-5.549,0.0476,130.726,0.866,73
496,Help! (Remastered),1965-08-06,Help! - Remastered 2009,139560,0.188,0.534,0.725,0.0,0.0994,-7.576,0.0332,95.003,0.763,72
305,The Beatles (Remastered),1968-11-22,"Ob-La-Di, Ob-La-Da - Remastered 2009",188960,0.232,0.818,0.728,0.0642,0.251,-8.331,0.0314,113.059,0.975,71
273,Abbey Road (Remastered),1969-09-26,Something - Remastered 2009,182293,0.198,0.396,0.338,2.62e-06,0.138,-10.872,0.0304,133.522,0.377,71
339,Magical Mystery Tour (Remastered),1967-11-27,Strawberry Fields Forever - Remastered 2009,247320,0.336,0.39,0.502,0.000138,0.0713,-12.277,0.178,97.871,0.289,70
308,The Beatles (Remastered),1968-11-22,While My Guitar Gently Weeps - Remastered 2009,285000,0.0205,0.453,0.654,0.00395,0.172,-8.855,0.0317,115.0,0.702,70
469,Revolver (Remastered),1966-08-05,Eleanor Rigby - Remastered 2009,126533,0.936,0.581,0.28,1.56e-05,0.305,-9.091,0.0381,137.831,0.813,69
407,Sgt. Pepper's Lonely Hearts Club Band (Remastered),1967-06-01,Lucy In The Sky With Diamonds - Remastered 2009,208466,0.0469,0.311,0.325,0.0,0.139,-9.042,0.0283,65.09,0.668,69
302,The Beatles (Remastered),1968-11-22,Back In The U.S.S.R. - Remastered 2009,163453,0.069,0.48,0.969,0.00022,0.0608,-7.464,0.0854,142.489,0.494,67
275,Abbey Road (Remastered),1969-09-26,Oh! Darling - Remastered 2009,207240,0.0126,0.422,0.656,0.0279,0.268,-8.412,0.0397,173.93,0.549,67
483,Rubber Soul (Remastered),1965-12-03,Norwegian Wood (This Bird Has Flown) - Remastered 2009,124693,0.183,0.425,0.369,0.00126,0.112,-11.876,0.0379,176.625,0.65,67
406,Sgt. Pepper's Lonely Hearts Club Band (Remastered),1967-06-01,With A Little Help From My Friends - Remastered 2009,164106,0.365,0.705,0.515,0.0,0.389,-9.343,0.0337,112.035,0.803,66
342,Magical Mystery Tour (Remastered),1967-11-27,All You Need Is Love - Remastered 2009,230386,0.346,0.4,0.48,3.1e-05,0.155,-7.768,0.0295,103.436,0.653,66
488,Rubber Soul (Remastered),1965-12-03,Michelle - Remastered 2009,162373,0.652,0.578,0.29,0.0,0.105,-12.501,0.0341,117.403,0.666,66
340,Magical Mystery Tour (Remastered),1967-11-27,Penny Lane - Remastered 2009,180893,0.212,0.651,0.488,0.026,0.136,-8.22,0.0316,113.038,0.49,66
185,1 (Remastered),2000-11-13,She Loves You - Mono / Remastered,140920,0.26,0.377,0.916,0.0,0.074,-3.199,0.0481,75.533,0.912,66
262,Let It Be (Remastered),1970-05-08,Across The Universe - Remastered 2009,228133,0.361,0.257,0.412,8.68e-05,0.0702,-11.788,0.0287,152.126,0.858,66
417,Sgt. Pepper's Lonely Hearts Club Band (Remastered),1967-06-01,A Day In The Life - Remastered 2009,337413,0.29,0.364,0.457,0.000106,0.922,-14.162,0.0675,163.219,0.175,66
338,Magical Mystery Tour (Remastered),1967-11-27,"Hello, Goodbye - Remastered 2009",208840,0.306,0.479,0.733,2.4e-05,0.414,-8.753,0.0256,99.307,0.806,65
473,Revolver (Remastered),1966-08-05,Yellow Submarine - Remastered 2009,158880,0.531,0.604,0.549,0.0,0.438,-9.873,0.0389,111.398,0.696,65
502,Help! (Remastered),1965-08-06,Ticket To Ride - Remastered 2009,189680,0.0457,0.519,0.85,0.0,0.233,-6.777,0.0678,123.419,0.749,65
337,Magical Mystery Tour (Remastered),1967-11-27,I Am The Walrus - Remastered 2009,275866,0.0828,0.401,0.556,0.000359,0.589,-10.532,0.0513,85.206,0.654,64
413,Sgt. Pepper's Lonely Hearts Club Band (Remastered),1967-06-01,When I'm Sixty Four - Remastered 2009,157666,0.625,0.704,0.241,2.8e-05,0.0868,-13.258,0.0476,140.411,0.661,64
271,Let It Be (Remastered),1970-05-08,Get Back - Remastered 2009,189386,0.492,0.761,0.592,0.00626,0.61,-9.836,0.0586,123.095,0.332,64
498,Help! (Remastered),1965-08-06,You've Got To Hide Your Love Away - Remastered 2009,129120,0.207,0.398,0.392,0.0,0.102,-9.05,0.0282,184.267,0.378,64
405,Sgt. Pepper's Lonely Hearts Club Band (Remastered),1967-06-01,Sgt. Pepper's Lonely Hearts Club Band - Remastered 2009,122893,0.0857,0.451,0.673,0.00225,0.797,-9.115,0.0734,95.513,0.583,64
285,Abbey Road (Remastered),1969-09-26,Golden Slumbers - Remastered 2009,91760,0.326,0.419,0.152,0.0034,0.113,-12.126,0.0277,80.608,0.239,64
482,Rubber Soul (Remastered),1965-12-03,Drive My Car - Remastered 2009,148893,0.0173,0.754,0.571,0.0,0.3,-8.547,0.0421,122.463,0.82,64
189,1 (Remastered),2000-11-13,I Feel Fine - Remastered 2015,139346,0.0904,0.564,0.827,3.73e-06,0.127,-7.089,0.0283,89.847,0.912,63
269,Let It Be (Remastered),1970-05-08,The Long And Winding Road - Remastered 2009,218186,0.756,0.299,0.329,0.0105,0.0559,-10.096,0.0279,132.282,0.392,63
485,Rubber Soul (Remastered),1965-12-03,Nowhere Man - Remastered 2009,163693,0.00797,0.534,0.624,0.0,0.128,-9.589,0.0462,121.402,0.687,63
317,The Beatles (Remastered),1968-11-22,I Will - Remastered 2009,105933,0.742,0.631,0.387,0.000406,0.0822,-11.529,0.0262,103.11,0.832,63
507,Help! (Remastered),1965-08-06,I've Just Seen A Face - Remastered 2009,125040,0.723,0.647,0.56,0.0,0.118,-8.809,0.0387,120.418,0.913,62
490,Rubber Soul (Remastered),1965-12-03,Girl - Remastered 2009,151720,0.587,0.699,0.294,0.0,0.117,-13.205,0.0294,96.615,0.893,62
477,Revolver (Remastered),1966-08-05,For No One - Remastered 2009,119813,0.783,0.483,0.351,0.0,0.115,-10.487,0.0278,81.208,0.713,62
276,Abbey Road (Remastered),1969-09-26,Octopus's Garden - Remastered 2009,170720,0.155,0.626,0.512,4.65e-05,0.215,-9.15,0.0247,92.225,0.73,62
196,1 (Remastered),2000-11-13,Paperback Writer - Remastered 2015,138200,0.147,0.472,0.856,2.78e-06,0.595,-6.03,0.0562,78.696,0.841,62
324,The Beatles (Remastered),1968-11-22,Helter Skelter - Remastered 2009,269786,0.000606,0.166,0.831,0.846,0.811,-8.469,0.0894,167.518,0.281,62
194,1 (Remastered),2000-11-13,Day Tripper - Remastered 2015,169000,0.12,0.665,0.782,4.19e-06,0.125,-8.438,0.0307,137.453,0.731,62
410,Sgt. Pepper's Lonely Hearts Club Band (Remastered),1967-06-01,She's Leaving Home - Remastered 2009,215160,0.944,0.381,0.214,0.0,0.106,-11.629,0.0337,127.581,0.393,61
303,The Beatles (Remastered),1968-11-22,Dear Prudence - Remastered 2009,235773,0.16,0.388,0.529,0.0681,0.108,-10.533,0.0436,150.721,0.332,61
277,Abbey Road (Remastered),1969-09-26,I Want You (She's So Heavy) - Remastered 2009,467320,0.0233,0.37,0.515,0.205,0.0966,-9.487,0.0321,115.732,0.42,61
286,Abbey Road (Remastered),1969-09-26,Carry That Weight - Remastered 2009,96466,0.226,0.543,0.458,0.00663,0.298,-8.976,0.0274,84.319,0.704,61
468,Revolver (Remastered),1966-08-05,Taxman - Remastered 2009,158853,0.0101,0.469,0.596,0.0,0.321,-8.348,0.0749,133.586,0.783,61
470,Revolver (Remastered),1966-08-05,I'm Only Sleeping - Remastered 2009,180320,0.21,0.494,0.47,0.0,0.28,-9.599,0.0301,103.477,0.698,61
480,Revolver (Remastered),1966-08-05,Got To Get You Into My Life - Remastered 2009,149240,0.42,0.521,0.524,9.27e-06,0.0838,-6.136,0.0302,136.679,0.711,61
472,Revolver (Remastered),1966-08-05,"Here, There And Everywhere - Remastered 2009",144880,0.921,0.29,0.247,0.00565,0.0917,-12.125,0.0383,165.361,0.36,61
202,1 (Remastered),2000-11-13,Lady Madonna - Remastered 2015,136826,0.141,0.65,0.777,0.343,0.215,-4.984,0.0294,109.608,0.574,61
193,1 (Remastered),2000-11-13,Yesterday - Remastered 2015,125320,0.871,0.401,0.189,0.0,0.0968,-11.189,0.0287,94.509,0.357,61
195,1 (Remastered),2000-11-13,We Can Work It Out - Remastered 2015,135693,0.0635,0.378,0.677,0.0,0.183,-8.63,0.0298,106.071,0.648,61
208,1 (Remastered),2000-11-13,Let It Be - Remastered 2015,230440,0.58,0.445,0.436,2.63e-05,0.112,-8.536,0.0332,139.848,0.483,60
491,Rubber Soul (Remastered),1965-12-03,I'm Looking Through You - Remastered 2009,146386,0.00772,0.667,0.498,0.0,0.0481,-11.027,0.0364,85.843,0.774,60
497,Help! (Remastered),1965-08-06,The Night Before - Remastered 2009,154933,0.0537,0.461,0.762,0.0,0.238,-6.727,0.0379,84.496,0.632,59
484,Rubber Soul (Remastered),1965-12-03,You Won't See Me - Remastered 2009,199960,0.136,0.488,0.539,0.0,0.0538,-8.752,0.0304,115.941,0.473,59
279,Abbey Road (Remastered),1969-09-26,Because - Remastered 2009,165666,0.754,0.328,0.249,5.77e-06,0.134,-11.777,0.0272,81.257,0.162,59
408,Sgt. Pepper's Lonely Hearts Club Band (Remastered),1967-06-01,Getting Better - Remastered 2009,168120,0.313,0.632,0.471,5.08e-06,0.0712,-7.887,0.0348,121.672,0.764,59
412,Sgt. Pepper's Lonely Hearts Club Band (Remastered),1967-06-01,Within You Without You - Remastered 2009,304666,0.339,0.352,0.479,0.000353,0.486,-9.965,0.0338,126.166,0.354,59
118,Yellow Submarine Songtrack,2014-01-01,Yellow Submarine,159160,0.208,0.616,0.636,0.0,0.517,-7.055,0.0325,110.618,0.654,59
501,Help! (Remastered),1965-08-06,You're Going To Lose That Girl - Remastered 2009,138666,0.346,0.533,0.66,0.0,0.26,-7.694,0.0337,131.975,0.818,59
476,Revolver (Remastered),1966-08-05,And Your Bird Can Sing - Remastered 2009,120493,0.0067,0.555,0.65,0.0491,0.236,-6.936,0.0282,132.59,0.966,59
475,Revolver (Remastered),1966-08-05,Good Day Sunshine - Remastered 2009,129293,0.719,0.77,0.496,0.0,0.123,-8.45,0.0468,117.331,0.571,59
198,1 (Remastered),2000-11-13,Eleanor Rigby - Remastered 2015,125866,0.916,0.605,0.314,0.0,0.359,-7.631,0.0327,138.148,0.836,59
280,Abbey Road (Remastered),1969-09-26,You Never Give Me Your Money - Remastered 2009,242973,0.345,0.335,0.416,0.136,0.116,-11.051,0.0348,174.464,0.223,58
192,1 (Remastered),2000-11-13,Help! - Remastered 2015,139240,0.149,0.602,0.736,0.0,0.0776,-6.51,0.0332,94.931,0.819,58
188,1 (Remastered),2000-11-13,A Hard Day's Night - Remastered 2015,152920,0.0487,0.546,0.818,0.0,0.0983,-4.89,0.031,138.561,0.756,58
495,Rubber Soul (Remastered),1965-12-03,Run For Your Life - Remastered 2009,141093,0.0103,0.563,0.705,0.0,0.0552,-9.232,0.103,176.732,0.822,58
184,1 (Remastered),2000-11-13,From Me To You - Mono / Remastered,116160,0.507,0.581,0.821,0.0,0.108,-4.387,0.0318,136.145,0.968,58
341,Magical Mystery Tour (Remastered),1967-11-27,"Baby, You're A Rich Man - Remastered 2009",181306,0.0119,0.619,0.625,1.05e-06,0.152,-9.635,0.036,96.751,0.467,58
274,Abbey Road (Remastered),1969-09-26,Maxwell's Silver Hammer - Remastered 2009,207920,0.629,0.764,0.426,0.000119,0.132,-11.045,0.0405,131.12,0.726,58
409,Sgt. Pepper's Lonely Hearts Club Band (Remastered),1967-06-01,Fixing A Hole - Remastered 2009,156826,0.382,0.469,0.507,0.0,0.0783,-8.917,0.0451,112.984,0.619,58
200,1 (Remastered),2000-11-13,All You Need Is Love - Remastered 2015,227760,0.437,0.397,0.625,5.47e-06,0.263,-5.829,0.0347,104.54,0.676,58
199,1 (Remastered),2000-11-13,Penny Lane - Remastered 2015,180520,0.0964,0.679,0.592,0.0138,0.16,-5.963,0.0402,113.265,0.55,57
205,1 (Remastered),2000-11-13,The Ballad Of John And Yoko - Remastered 2015,179480,0.00465,0.651,0.892,2.85e-06,0.127,-6.551,0.0313,135.309,0.962,57
314,The Beatles (Remastered),1968-11-22,Rocky Raccoon - Remastered 2009,213106,0.333,0.599,0.363,0.0,0.243,-11.728,0.0315,79.456,0.648,57
287,Abbey Road (Remastered),1969-09-26,The End - Remastered 2009,141613,0.00101,0.647,0.487,0.285,0.138,-10.119,0.0689,123.444,0.222,57
284,Abbey Road (Remastered),1969-09-26,She Came In Through The Bathroom Window - Remastered 2009,118626,0.00376,0.53,0.72,3.38e-05,0.314,-8.793,0.0338,80.652,0.69,57
309,The Beatles (Remastered),1968-11-22,Happiness Is A Warm Gun - Remastered 2009,164546,0.523,0.431,0.54,1.34e-06,0.169,-9.6,0.0589,139.288,0.44,57
183,1 (Remastered),2000-11-13,Love Me Do - Mono / Remastered,140173,0.404,0.524,0.88,0.000191,0.154,-3.865,0.0987,148.058,0.758,57
120,Yellow Submarine Songtrack,2014-01-01,Eleanor Rigby,125226,0.836,0.521,0.301,0.0,0.398,-7.118,0.0356,137.382,0.621,57
481,Revolver (Remastered),1966-08-05,Tomorrow Never Knows - Remastered 2009,179546,8.4e-05,0.38,0.829,0.00208,0.342,-6.105,0.0405,125.887,0.0534,57
333,Magical Mystery Tour (Remastered),1967-11-27,The Fool On The Hill - Remastered 2009,179106,0.913,0.356,0.26,2.1e-06,0.105,-10.577,0.0314,144.184,0.49,57
281,Abbey Road (Remastered),1969-09-26,Sun King - Remastered 2009,146266,0.284,0.483,0.177,0.499,0.116,-17.629,0.0277,74.994,0.192,56
187,1 (Remastered),2000-11-13,Can't Buy Me Love - Remastered 2015,131213,0.118,0.426,0.76,0.0,0.325,-4.082,0.0414,171.838,0.955,56
190,1 (Remastered),2000-11-13,Eight Days A Week - Remastered 2015,163320,0.265,0.636,0.677,0.0,0.215,-5.605,0.0316,138.707,0.837,56
191,1 (Remastered),2000-11-13,Ticket To Ride - Remastered 2015,190120,0.0638,0.554,0.904,0.0,0.259,-6.319,0.0536,123.443,0.801,55
311,The Beatles (Remastered),1968-11-22,I'm So Tired - Remastered 2009,123493,0.656,0.433,0.483,2.64e-05,0.539,-9.422,0.175,68.492,0.717,55
201,1 (Remastered),2000-11-13,"Hello, Goodbye - Remastered 2015",207786,0.402,0.498,0.806,5.74e-06,0.525,-5.284,0.0265,99.396,0.664,55
318,The Beatles (Remastered),1968-11-22,Julia - Remastered 2009,176666,0.828,0.512,0.0953,0.000268,0.117,-16.082,0.0304,134.706,0.193,55
474,Revolver (Remastered),1966-08-05,She Said She Said - Remastered 2009,156040,0.103,0.329,0.678,0.168,0.843,-7.878,0.0344,106.476,0.672,55
204,1 (Remastered),2000-11-13,Get Back - Remastered 2015,191773,0.186,0.703,0.636,0.0256,0.0959,-7.579,0.0376,122.921,0.218,55
197,1 (Remastered),2000-11-13,Yellow Submarine - Remastered 2015,158800,0.158,0.66,0.557,0.0,0.543,-9.597,0.03,110.743,0.788,55
282,Abbey Road (Remastered),1969-09-26,Mean Mr Mustard - Remastered 2009,66533,0.0699,0.676,0.596,1.96e-05,0.351,-9.107,0.0272,100.687,0.97,55
207,1 (Remastered),2000-11-13,Come Together - Remastered 2015,258693,0.0601,0.559,0.343,0.138,0.1,-13.072,0.0424,164.53,0.183,54
206,1 (Remastered),2000-11-13,Something - Remastered 2015,181413,0.302,0.449,0.375,2.41e-06,0.144,-9.329,0.0286,133.845,0.466,54
283,Abbey Road (Remastered),1969-09-26,Polythene Pam - Remastered 2009,72640,0.00472,0.474,0.939,0.674,0.19,-8.884,0.199,166.829,0.499,54
0,Abbey Road (Super Deluxe Edition),2019-09-27,Come Together - 2019 Mix,260200,0.0823,0.536,0.36,0.167,0.0996,-10.973,0.0408,164.891,0.147,54
310,The Beatles (Remastered),1968-11-22,Martha My Dear - Remastered 2009,148573,0.872,0.472,0.292,0.0007,0.128,-11.591,0.0321,177.624,0.824,54
6,Abbey Road (Super Deluxe Edition),2019-09-27,Here Comes The Sun - 2019 Mix,185706,0.038,0.569,0.557,0.000228,0.136,-10.208,0.0428,129.101,0.292,54
336,Magical Mystery Tour (Remastered),1967-11-27,Your Mother Should Know - Remastered 2009,148413,0.784,0.698,0.293,0.0106,0.0936,-11.361,0.0332,117.613,0.724,54
499,Help! (Remastered),1965-08-06,I Need You - Remastered 2009,148786,0.277,0.601,0.489,0.0,0.0988,-8.554,0.0455,136.215,0.638,54
304,The Beatles (Remastered),1968-11-22,Glass Onion - Remastered 2009,137840,0.0123,0.523,0.51,8.38e-05,0.108,-9.827,0.0514,120.432,0.789,53
321,The Beatles (Remastered),1968-11-22,Mother Nature's Son - Remastered 2009,168026,0.634,0.608,0.178,0.352,0.166,-17.109,0.0264,84.78,0.401,53
260,Let It Be (Remastered),1970-05-08,Two Of Us - Remastered 2009,216813,0.0974,0.726,0.702,3.46e-05,0.239,-10.757,0.032,109.114,0.931,53
471,Revolver (Remastered),1966-08-05,Love You To - Remastered 2009,179826,0.7,0.391,0.593,0.000249,0.0829,-8.999,0.0413,123.986,0.707,53
414,Sgt. Pepper's Lonely Hearts Club Band (Remastered),1967-06-01,Lovely Rita - Remastered 2009,162093,0.0634,0.61,0.471,0.0,0.118,-9.151,0.0261,87.379,0.63,53
209,1 (Remastered),2000-11-13,The Long And Winding Road - Remastered 2015,219440,0.667,0.326,0.365,0.000523,0.0718,-8.776,0.0265,133.084,0.314,53
332,Magical Mystery Tour (Remastered),1967-11-27,Magical Mystery Tour - Remastered 2009,170106,0.0385,0.297,0.613,3.98e-05,0.0734,-9.065,0.0931,170.962,0.338,53
1,Abbey Road (Super Deluxe Edition),2019-09-27,Something - 2019 Mix,182226,0.0958,0.416,0.385,5.24e-06,0.228,-9.388,0.0279,133.298,0.458,53
319,The Beatles (Remastered),1968-11-22,Birthday - Remastered 2009,163080,7.37e-05,0.541,0.727,0.717,0.232,-7.509,0.0384,139.239,0.91,53
3,Abbey Road (Super Deluxe Edition),2019-09-27,Oh! Darling - 2019 Mix,207146,0.0344,0.437,0.669,0.00395,0.347,-6.524,0.0395,173.67,0.514,52
43,The Beatles,2018-11-09,"Ob-La-Di, Ob-La-Da - 2018 Mix",188813,0.149,0.803,0.776,0.00471,0.222,-7.561,0.0333,113.193,0.969,52
494,Rubber Soul (Remastered),1965-12-03,If I Needed Someone - Remastered 2009,142266,0.00748,0.492,0.755,0.0,0.102,-9.273,0.0331,127.387,0.796,52
326,The Beatles (Remastered),1968-11-22,Revolution 1 - Remastered 2009,255706,0.0785,0.386,0.626,0.00164,0.621,-9.451,0.0377,98.425,0.695,52
292,Yellow Submarine (Remastered),1969-01-17,Hey Bulldog - Remastered 2009,191306,0.0197,0.587,0.617,0.639,0.199,-9.164,0.028,100.495,0.947,52
486,Rubber Soul (Remastered),1965-12-03,Think For Yourself - Remastered 2009,138520,0.0124,0.529,0.567,0.0,0.0729,-9.796,0.0282,130.544,0.799,52
267,Let It Be (Remastered),1970-05-08,I've Got A Feeling - Remastered 2009,217560,0.0715,0.44,0.609,0.0,0.582,-8.824,0.0358,165.156,0.364,52
323,The Beatles (Remastered),1968-11-22,Sexy Sadie - Remastered 2009,195266,0.33,0.577,0.624,0.00622,0.117,-9.626,0.0285,75.478,0.671,52
504,Help! (Remastered),1965-08-06,It's Only Love - Remastered 2009,116480,0.22,0.629,0.551,0.0,0.0432,-8.281,0.0256,113.155,0.685,52
316,The Beatles (Remastered),1968-11-22,Why Don't We Do It In The Road? - Remastered 2009,101160,0.53,0.589,0.522,0.000243,0.0993,-8.718,0.0521,187.688,0.957,51
50,The Beatles,2018-11-09,Blackbird - 2018 Mix,138360,0.825,0.649,0.123,3.14e-06,0.0627,-15.657,0.0396,93.82,0.358,51
263,Let It Be (Remastered),1970-05-08,I Me Mine - Remastered 2009,145586,0.179,0.291,0.638,0.0,0.101,-7.854,0.0554,185.235,0.525,51
307,The Beatles (Remastered),1968-11-22,The Continuing Story Of Bungalow Bill - Remastered 2009,194160,0.224,0.621,0.459,0.0,0.656,-10.414,0.104,114.816,0.648,51
46,The Beatles,2018-11-09,While My Guitar Gently Weeps - 2018 Mix,285280,0.00196,0.421,0.668,0.0172,0.307,-9.234,0.0364,115.124,0.635,51
4,Abbey Road (Super Deluxe Edition),2019-09-27,Octopus's Garden - 2019 Mix,170800,0.113,0.565,0.645,0.000625,0.124,-6.194,0.0332,92.253,0.626,51
416,Sgt. Pepper's Lonely Hearts Club Band (Remastered),1967-06-01,Sgt. Pepper's Lonely Hearts Club Band - Reprise / Remastered 2009,79066,0.0061,0.653,0.889,0.589,0.892,-8.006,0.0453,118.773,0.879,51
478,Revolver (Remastered),1966-08-05,Doctor Robert - Remastered 2009,134266,0.164,0.394,0.64,0.139,0.153,-8.992,0.0488,164.626,0.574,51
411,Sgt. Pepper's Lonely Hearts Club Band (Remastered),1967-06-01,Being For The Benefit Of Mr. Kite! - Remastered 2009,157533,0.338,0.526,0.413,0.0,0.0992,-9.865,0.0446,111.874,0.71,51
479,Revolver (Remastered),1966-08-05,I Want To Tell You - Remastered 2009,147973,0.182,0.493,0.525,4.4e-06,0.148,-9.289,0.0315,127.492,0.449,51
320,The Beatles (Remastered),1968-11-22,Yer Blues - Remastered 2009,240453,0.000875,0.327,0.525,0.259,0.133,-10.272,0.0475,151.766,0.435,51
487,Rubber Soul (Remastered),1965-12-03,The Word - Remastered 2009,163106,0.00682,0.59,0.641,0.0,0.0553,-9.687,0.0416,120.773,0.792,51
493,Rubber Soul (Remastered),1965-12-03,Wait - Remastered 2009,134720,0.0175,0.552,0.487,0.0,0.105,-10.574,0.04,127.201,0.657,51
334,Magical Mystery Tour (Remastered),1967-11-27,Flying - Remastered 2009,135520,0.368,0.551,0.395,0.88,0.0932,-14.755,0.0501,92.929,0.261,51
489,Rubber Soul (Remastered),1965-12-03,What Goes On - Remastered 2009,168573,0.0168,0.67,0.776,3.01e-06,0.0732,-10.035,0.0749,96.93,0.765,50
415,Sgt. Pepper's Lonely Hearts Club Band (Remastered),1967-06-01,Good Morning Good Morning - Remastered 2009,161226,0.0858,0.542,0.618,0.0,0.772,-8.876,0.139,121.849,0.93,50
261,Let It Be (Remastered),1970-05-08,Dig A Pony - Remastered 2009,235000,0.472,0.538,0.478,0.0,0.17,-8.957,0.0388,59.004,0.527,50
315,The Beatles (Remastered),1968-11-22,Don't Pass Me By - Remastered 2009,230453,0.594,0.599,0.537,1.92e-05,0.194,-9.617,0.0254,84.895,0.946,50
500,Help! (Remastered),1965-08-06,Another Girl - Remastered 2009,125360,0.238,0.516,0.638,0.0,0.333,-7.453,0.0314,88.657,0.822,50
2,Abbey Road (Super Deluxe Edition),2019-09-27,Maxwell's Silver Hammer - 2019 Mix,207973,0.497,0.816,0.386,9.31e-05,0.309,-9.443,0.0382,131.099,0.708,50
335,Magical Mystery Tour (Remastered),1967-11-27,Blue Jay Way - Remastered 2009,235066,0.0258,0.294,0.407,0.000219,0.0852,-11.575,0.0308,101.052,0.0378,50
313,The Beatles (Remastered),1968-11-22,Piggies - Remastered 2009,124266,0.643,0.542,0.445,0.0,0.516,-9.105,0.0303,93.245,0.52,50
5,Abbey Road (Super Deluxe Edition),2019-09-27,I Want You (She's So Heavy) - 2019 Mix,467360,0.0208,0.326,0.5,0.0473,0.0941,-8.388,0.0315,142.872,0.365,50
327,The Beatles (Remastered),1968-11-22,Honey Pie - Remastered 2009,161160,0.88,0.537,0.297,1.5e-05,0.145,-15.452,0.0822,144.197,0.553,50
325,The Beatles (Remastered),1968-11-22,"Long, Long, Long - Remastered 2009",186306,0.539,0.349,0.129,0.405,0.192,-15.883,0.0294,104.837,0.163,50
13,Abbey Road (Super Deluxe Edition),2019-09-27,Golden Slumbers - 2019 Mix,91440,0.303,0.395,0.181,0.000184,0.16,-11.098,0.0284,80.663,0.221,49
503,Help! (Remastered),1965-08-06,Act Naturally - Remastered 2009,150373,0.366,0.702,0.447,0.0,0.153,-10.122,0.0308,93.02,0.944,49
8,Abbey Road (Super Deluxe Edition),2019-09-27,You Never Give Me Your Money - 2019 Mix,242666,0.317,0.33,0.442,0.0762,0.149,-12.216,0.035,173.751,0.326,49
430,Sgt. Pepper's Lonely Hearts Club Band (Super Deluxe Edition),1967-05-26,A Day In The Life - Remix,330906,0.268,0.377,0.453,0.000141,0.901,-10.455,0.0462,79.935,0.121,49
40,The Beatles,2018-11-09,Back In The U.S.S.R. - 2018 Mix,163466,0.00102,0.51,0.893,5.85e-05,0.201,-9.267,0.0342,142.657,0.934,49
331,The Beatles (Remastered),1968-11-22,Good Night - Remastered 2009,193760,0.865,0.146,0.355,0.835,0.114,-14.583,0.0352,146.408,0.178,49
329,The Beatles (Remastered),1968-11-22,Cry Baby Cry - Remastered 2009,182080,0.115,0.517,0.529,0.00396,0.174,-11.851,0.0323,76.644,0.362,49
322,The Beatles (Remastered),1968-11-22,Everybody's Got Something To Hide Except Me And My Monkey - Remastered 2009,144773,0.0207,0.523,0.731,0.000464,0.081,-8.613,0.0559,117.089,0.81,49
306,The Beatles (Remastered),1968-11-22,Wild Honey Pie - Remastered 2009,52973,0.425,0.792,0.763,0.627,0.789,-11.185,0.0506,89.9,0.152,49
420,Sgt. Pepper's Lonely Hearts Club Band (Super Deluxe Edition),1967-05-26,Lucy In The Sky With Diamonds - Remix,207680,0.101,0.331,0.521,0.0,0.154,-6.221,0.0379,132.537,0.432,48
270,Let It Be (Remastered),1970-05-08,For You Blue - Remastered 2009,152213,0.24,0.88,0.556,0.0483,0.24,-10.773,0.0855,128.542,0.955,48
505,Help! (Remastered),1965-08-06,You Like Me Too Much - Remastered 2009,156866,0.415,0.555,0.57,0.0,0.191,-7.869,0.0302,88.316,0.899,48
506,Help! (Remastered),1965-08-06,Tell Me What You See - Remastered 2009,157986,0.061,0.592,0.796,0.0,0.131,-8.125,0.0429,136.675,0.7,48
418,Sgt. Pepper's Lonely Hearts Club Band (Super Deluxe Edition),1967-05-26,Sgt. Pepper's Lonely Hearts Club Band - Remix,122133,0.0308,0.36,0.858,0.0115,0.845,-6.353,0.106,95.302,0.522,48
289,Yellow Submarine (Remastered),1969-01-17,Yellow Submarine - Remastered 2009,159720,0.518,0.605,0.536,0.0,0.528,-10.069,0.0421,110.849,0.688,48
328,The Beatles (Remastered),1968-11-22,Savoy Truffle - Remastered 2009,174466,0.00814,0.623,0.544,0.309,0.134,-11.043,0.0536,120.761,0.793,48
509,Help! (Remastered),1965-08-06,Dizzy Miss Lizzy - Remastered 2009,176506,0.116,0.373,0.934,0.00445,0.0962,-6.753,0.0591,136.037,0.918,48
7,Abbey Road (Super Deluxe Edition),2019-09-27,Because - 2019 Mix,165613,0.613,0.178,0.283,8.04e-05,0.127,-11.436,0.0298,161.293,0.19,48
14,Abbey Road (Super Deluxe Edition),2019-09-27,Carry That Weight - 2019 Mix,96440,0.0915,0.494,0.558,0.000786,0.243,-7.604,0.0283,84.005,0.625,48
114,Let It Be... Naked (Remastered),2014-01-01,Don't Let Me Down - Naked Version / Remastered 2013,198862,0.147,0.486,0.489,8.63e-06,0.135,-8.626,0.0365,163.63,0.783,47
266,Let It Be (Remastered),1970-05-08,Maggie Mae - Remastered 2009,40040,0.379,0.516,0.515,0.0,0.103,-12.035,0.215,169.039,0.524,47
9,Abbey Road (Super Deluxe Edition),2019-09-27,Sun King - 2019 Mix,146333,0.186,0.406,0.274,0.138,0.258,-15.138,0.0301,149.875,0.199,47
10,Abbey Road (Super Deluxe Edition),2019-09-27,Mean Mr Mustard - 2019 Mix,66466,0.0254,0.69,0.674,6.59e-06,0.47,-7.983,0.0391,100.497,0.915,47
129,Yellow Submarine Songtrack,2014-01-01,All You Need Is Love,226666,0.281,0.364,0.483,1.53e-06,0.113,-8.22,0.0317,102.967,0.7,47
12,Abbey Road (Super Deluxe Edition),2019-09-27,She Came In Through The Bathroom Window - 2019 Mix,118813,0.00307,0.527,0.752,4.49e-05,0.329,-7.806,0.0298,80.647,0.738,47
15,Abbey Road (Super Deluxe Edition),2019-09-27,The End - 2019 Mix,141906,0.00045,0.624,0.532,0.142,0.151,-9.15,0.0606,123.358,0.125,47
123,Yellow Submarine Songtrack,2014-01-01,Lucy In The Sky With Diamonds,208400,0.0137,0.421,0.388,0.0,0.297,-7.754,0.0302,138.311,0.651,47
268,Let It Be (Remastered),1970-05-08,One After 909 - Remastered 2009,173960,0.0307,0.554,0.828,0.0,0.907,-6.435,0.0739,90.95,0.888,47
41,The Beatles,2018-11-09,Dear Prudence - 2018 Mix,234973,0.0904,0.395,0.538,0.000453,0.0685,-10.3,0.0456,150.785,0.369,47
419,Sgt. Pepper's Lonely Hearts Club Band (Super Deluxe Edition),1967-05-26,With A Little Help From My Friends - Remix,165293,0.122,0.673,0.639,0.0,0.22,-6.673,0.0274,112.311,0.75,46
330,The Beatles (Remastered),1968-11-22,Revolution 9 - Remastered 2009,502013,0.769,0.208,0.615,0.118,0.824,-15.297,0.342,91.158,0.101,46
18,Abbey Road (Super Deluxe Edition),2019-09-27,Goodbye - Home Demo,143706,0.918,0.556,0.174,0.000681,0.114,-15.047,0.0462,126.695,0.563,46
11,Abbey Road (Super Deluxe Edition),2019-09-27,Polythene Pam - 2019 Mix,72800,0.00203,0.47,0.833,0.706,0.133,-8.017,0.0569,166.72,0.491,46
119,Yellow Submarine Songtrack,2014-01-01,Hey Bulldog,191840,0.0318,0.568,0.824,0.0126,0.197,-4.413,0.0333,102.424,0.826,46
264,Let It Be (Remastered),1970-05-08,Dig It - Remastered 2009,50466,0.659,0.54,0.489,0.0019,0.457,-12.276,0.117,157.03,0.67,45
62,The Beatles,2018-11-09,Helter Skelter - 2018 Mix,269773,0.000218,0.22,0.884,0.141,0.828,-7.21,0.0913,167.748,0.248,45
345,Sgt. Pepper's Lonely Hearts Club Band (Deluxe Edition),1967-06-01,Lucy In The Sky With Diamonds - Remix,207680,0.0907,0.318,0.53,0.0,0.145,-6.521,0.0369,137.423,0.423,45
117,Let It Be... Naked (Remastered),2014-01-01,Let It Be - Naked Version / Remastered 2013,235382,0.565,0.47,0.404,1.68e-05,0.152,-9.281,0.036,136.888,0.468,45
291,Yellow Submarine (Remastered),1969-01-17,All Together Now - Remastered 2009,130893,0.0722,0.587,0.431,0.0,0.561,-9.495,0.0686,95.937,0.778,45
110,Let It Be... Naked (Remastered),2014-01-01,The Long And Winding Road - Naked Version / Remastered 2013,214382,0.945,0.569,0.266,0.000523,0.142,-10.684,0.0303,135.754,0.279,45
343,Sgt. Pepper's Lonely Hearts Club Band (Deluxe Edition),1967-06-01,Sgt. Pepper's Lonely Hearts Club Band - Remix,122133,0.0341,0.361,0.857,0.00624,0.86,-6.6,0.163,95.114,0.523,45
344,Sgt. Pepper's Lonely Hearts Club Band (Deluxe Edition),1967-06-01,With A Little Help From My Friends - Remix,165293,0.126,0.643,0.605,0.0,0.262,-6.998,0.0295,112.057,0.794,45
47,The Beatles,2018-11-09,Happiness Is A Warm Gun - 2018 Mix,164520,0.131,0.461,0.534,5.63e-06,0.107,-9.912,0.0592,138.935,0.459,45
122,Yellow Submarine Songtrack,2014-01-01,All Together Now,130626,0.116,0.606,0.413,0.0,0.352,-7.902,0.0622,96.245,0.889,44
126,Yellow Submarine Songtrack,2014-01-01,With A Little Help From My Friends,165666,0.355,0.707,0.558,0.0,0.159,-6.697,0.0349,112.277,0.758,44
116,Let It Be... Naked (Remastered),2014-01-01,Across The Universe - Naked Version / Remastered 2013,218222,0.509,0.359,0.461,0.0,0.224,-10.683,0.0283,159.441,0.794,44
55,The Beatles,2018-11-09,I Will - 2018 Mix,105786,0.661,0.621,0.348,0.000294,0.0899,-12.808,0.0251,103.123,0.9,44
373,Sgt. Pepper's Lonely Hearts Club Band (Deluxe Edition),1967-06-01,Penny Lane - Stereo Mix 2017,179146,0.0369,0.624,0.536,0.0028,0.108,-7.617,0.042,112.931,0.641,44
20,Abbey Road (Super Deluxe Edition),2019-09-27,The Ballad Of John And Yoko - Take 7,217653,0.0681,0.695,0.732,0.0,0.164,-12.57,0.0545,132.918,0.672,44
17,Abbey Road (Super Deluxe Edition),2019-09-27,I Want You (She's So Heavy) - Trident Recording Session & Reduction Mix,419600,0.13,0.36,0.383,0.00115,0.273,-10.2,0.0384,143.811,0.373,44
19,Abbey Road (Super Deluxe Edition),2019-09-27,Something - Studio Demo,217226,0.955,0.408,0.187,0.000575,0.0766,-15.354,0.035,139.822,0.243,44
49,The Beatles,2018-11-09,I'm So Tired - 2018 Mix,123400,0.496,0.44,0.485,1.11e-05,0.508,-10.989,0.28,69.925,0.717,43
294,Yellow Submarine (Remastered),1969-01-17,All You Need Is Love - Remastered 2009,231213,0.345,0.4,0.463,4.59e-05,0.286,-8.455,0.0288,103.103,0.627,43
107,Let It Be... Naked (Remastered),2014-01-01,Get Back - Naked Version / Remastered 2013,154848,0.045,0.811,0.629,0.00145,0.0709,-9.012,0.0429,123.585,0.54,43
467,Sgt. Pepper's Lonely Hearts Club Band (Super Deluxe Edition),1967-05-26,Getting Better,167253,0.131,0.59,0.444,5.06e-05,0.13,-11.472,0.0394,121.904,0.718,43
52,The Beatles,2018-11-09,Rocky Raccoon - 2018 Mix,213080,0.424,0.543,0.429,0.0,0.25,-10.249,0.0397,78.943,0.638,43
125,Yellow Submarine Songtrack,2014-01-01,Sgt Pepper's Lonely Hearts Club Band,121360,0.126,0.33,0.85,1.51e-05,0.834,-5.788,0.374,189.782,0.602,43
111,Let It Be... Naked (Remastered),2014-01-01,Two Of Us - Naked Version / Remastered 2013,200835,0.157,0.699,0.74,9.98e-06,0.147,-9.959,0.042,109.904,0.913,43
48,The Beatles,2018-11-09,Martha My Dear - 2018 Mix,148480,0.788,0.641,0.328,7.77e-05,0.157,-10.709,0.0313,89.212,0.858,43
42,The Beatles,2018-11-09,Glass Onion - 2018 Mix,137706,0.00236,0.529,0.555,0.003,0.093,-8.839,0.0508,120.356,0.615,43
130,Yellow Submarine Songtrack,2014-01-01,When I'm Sixty Four,159093,0.683,0.717,0.224,0.0,0.13,-10.832,0.056,140.164,0.594,43
56,The Beatles,2018-11-09,Julia - 2018 Mix,176133,0.849,0.399,0.091,0.000105,0.106,-15.499,0.0314,134.702,0.185,42
22,Abbey Road (Super Deluxe Edition),2019-09-27,Oh! Darling - Take 4,210720,0.307,0.596,0.51,2.95e-05,0.326,-10.309,0.0285,86.298,0.545,42
425,Sgt. Pepper's Lonely Hearts Club Band (Super Deluxe Edition),1967-05-26,Within You Without You - Remix,307586,0.357,0.291,0.551,6.16e-05,0.239,-8.17,0.0345,125.07,0.373,42
21,Abbey Road (Super Deluxe Edition),2019-09-27,Old Brown Shoe - Take 2,195826,0.447,0.639,0.731,0.0,0.0371,-11.706,0.0504,142.441,0.372,42
293,Yellow Submarine (Remastered),1969-01-17,It's All Too Much - Remastered 2009,385013,4.3e-05,0.39,0.781,0.412,0.1,-7.878,0.0364,113.511,0.199,42
290,Yellow Submarine (Remastered),1969-01-17,Only A Northern Song - Remastered 2009,204493,0.000341,0.175,0.731,0.000751,0.0846,-8.341,0.0705,209.242,0.801,42
355,Sgt. Pepper's Lonely Hearts Club Band (Deluxe Edition),1967-06-01,A Day In The Life - Remix,330920,0.258,0.338,0.47,0.000205,0.889,-10.636,0.0552,80.724,0.107,42
131,Yellow Submarine Songtrack,2014-01-01,Nowhere Man,162400,0.0155,0.534,0.646,1.42e-05,0.142,-8.998,0.0366,122.174,0.852,42
27,Abbey Road (Super Deluxe Edition),2019-09-27,Here Comes The Sun - Take 9,220973,0.0408,0.581,0.555,0.00492,0.0917,-11.948,0.0305,126.629,0.562,42
25,Abbey Road (Super Deluxe Edition),2019-09-27,Her Majesty - Takes 1-3,93946,0.75,0.691,0.134,0.00153,0.144,-21.742,0.355,100.276,0.509,41
57,The Beatles,2018-11-09,Birthday - 2018 Mix,161986,2.27e-05,0.587,0.662,0.165,0.194,-8.056,0.0398,139.374,0.964,41
421,Sgt. Pepper's Lonely Hearts Club Band (Super Deluxe Edition),1967-05-26,Getting Better - Remix,167013,0.07,0.591,0.551,0.0,0.0942,-6.605,0.0308,121.949,0.81,41
23,Abbey Road (Super Deluxe Edition),2019-09-27,Octopus's Garden - Take 9,103000,0.0851,0.699,0.412,1.44e-05,0.178,-13.846,0.098,91.26,0.837,41
112,Let It Be... Naked (Remastered),2014-01-01,I've Got A Feeling - Naked Version / Remastered 2013,210902,0.0311,0.427,0.73,0.0,0.135,-7.786,0.0756,164.605,0.399,41
346,Sgt. Pepper's Lonely Hearts Club Band (Deluxe Edition),1967-06-01,Getting Better - Remix,167013,0.0913,0.598,0.551,0.0,0.0958,-6.909,0.0308,121.959,0.817,41
426,Sgt. Pepper's Lonely Hearts Club Band (Super Deluxe Edition),1967-05-26,When I'm Sixty-Four - Remix,160013,0.508,0.696,0.308,0.0,0.142,-8.956,0.0557,138.425,0.564,41
26,Abbey Road (Super Deluxe Edition),2019-09-27,Golden Slumbers / Carry That Weight - Takes 1-3 / Medley,200506,0.674,0.561,0.202,0.00102,0.147,-14.609,0.0331,81.134,0.235,41
24,Abbey Road (Super Deluxe Edition),2019-09-27,You Never Give Me Your Money - Take 36,317880,0.621,0.375,0.455,0.00568,0.131,-12.732,0.0635,170.359,0.377,41
29,Abbey Road (Super Deluxe Edition),2019-09-27,Come Together - Take 5,210146,0.096,0.598,0.314,0.000621,0.149,-15.136,0.171,166.035,0.277,41
351,Sgt. Pepper's Lonely Hearts Club Band (Deluxe Edition),1967-06-01,When I'm Sixty-Four - Remix,160013,0.49,0.697,0.294,0.0,0.17,-9.231,0.0644,138.256,0.571,41
54,The Beatles,2018-11-09,Why Don't We Do It In The Road? - 2018 Mix,101733,0.493,0.532,0.524,8.68e-06,0.0601,-8.057,0.0545,188.181,0.845,41
45,The Beatles,2018-11-09,The Continuing Story Of Bungalow Bill - 2018 Mix,194186,0.295,0.659,0.56,0.0,0.683,-9.561,0.0648,114.796,0.738,41
348,Sgt. Pepper's Lonely Hearts Club Band (Deluxe Edition),1967-06-01,She's Leaving Home - Remix,205840,0.879,0.372,0.32,0.0,0.108,-9.724,0.0315,130.97,0.251,41
347,Sgt. Pepper's Lonely Hearts Club Band (Deluxe Edition),1967-06-01,Fixing A Hole - Remix,157960,0.503,0.405,0.644,0.0,0.0681,-7.115,0.0495,111.667,0.52,40
132,Yellow Submarine Songtrack,2014-01-01,It's All Too Much,385600,4.71e-05,0.48,0.81,0.0327,0.262,-6.167,0.0382,113.521,0.208,40
37,Abbey Road (Super Deluxe Edition),2019-09-27,"The Long One - Comprising of ‘You Never Give Me Your Money’, ’Sun King’/’Mean Mr Mustard’, ‘Her Majesty’, ‘Polythene Pam’/’She Came In Through The Bathroom Window’, ’Golden Slumbers’/ ’Carry That Weight’, ’The End’",970466,0.0565,0.403,0.425,0.00839,0.0788,-11.09,0.0405,84.037,0.243,40
44,The Beatles,2018-11-09,Wild Honey Pie - 2018 Mix,53000,0.278,0.749,0.689,0.759,0.796,-10.883,0.0346,89.897,0.299,40
127,Yellow Submarine Songtrack,2014-01-01,Baby You're A Rich Man,180600,0.0215,0.663,0.606,0.0,0.119,-5.758,0.0307,96.886,0.412,40
28,Abbey Road (Super Deluxe Edition),2019-09-27,Maxwell's Silver Hammer - Take 12,284440,0.237,0.787,0.319,0.000506,0.251,-13.836,0.146,129.09,0.701,40
51,The Beatles,2018-11-09,Piggies - 2018 Mix,124306,0.2,0.527,0.471,0.0,0.0981,-9.901,0.0314,92.583,0.571,40
64,The Beatles,2018-11-09,Revolution 1 - 2018 Mix,255653,0.0974,0.37,0.674,0.000296,0.427,-8.39,0.0411,98.997,0.583,40
53,The Beatles,2018-11-09,Don't Pass Me By - 2018 Mix,230306,0.472,0.598,0.58,1.07e-06,0.248,-8.082,0.0262,84.995,0.961,40
61,The Beatles,2018-11-09,Sexy Sadie - 2018 Mix,195426,0.279,0.483,0.546,0.00113,0.198,-9.039,0.0299,149.62,0.732,40
31,Abbey Road (Super Deluxe Edition),2019-09-27,Come And Get It - Studio Demo,162760,0.00356,0.572,0.405,0.0,0.178,-12.66,0.0344,87.938,0.494,40
59,The Beatles,2018-11-09,Mother Nature's Son - 2018 Mix,167826,0.614,0.564,0.197,0.208,0.271,-16.103,0.0255,84.761,0.473,40
58,The Beatles,2018-11-09,Yer Blues - 2018 Mix,241000,0.000652,0.328,0.608,0.216,0.0948,-9.17,0.0467,104.258,0.48,40
439,Sgt. Pepper's Lonely Hearts Club Band (Super Deluxe Edition),1967-05-26,Penny Lane - Stereo Mix 2017,180693,0.0644,0.617,0.577,0.00157,0.106,-5.71,0.0388,112.921,0.627,40
90,Live At The Hollywood Bowl,2016-09-09,Twist And Shout - Live / Remastered,93506,7.81e-05,0.263,0.777,0.0,0.462,-8.622,0.0382,126.798,0.552,40
115,Let It Be... Naked (Remastered),2014-01-01,I Me Mine - Naked Version / Remastered 2013,141462,0.223,0.463,0.604,0.0,0.272,-8.626,0.0412,128.451,0.758,40
108,Let It Be... Naked (Remastered),2014-01-01,Dig A Pony - Naked Version / Remastered 2013,218128,0.498,0.503,0.502,0.0,0.178,-8.148,0.0414,117.916,0.499,40
423,Sgt. Pepper's Lonely Hearts Club Band (Super Deluxe Edition),1967-05-26,She's Leaving Home - Remix,205840,0.881,0.376,0.319,0.0,0.124,-9.573,0.031,132.105,0.217,40
121,Yellow Submarine Songtrack,2014-01-01,Love You To,178706,0.555,0.399,0.649,4.53e-05,0.113,-8.879,0.0508,124.655,0.657,39
124,Yellow Submarine Songtrack,2014-01-01,Think For Yourself,138640,0.0162,0.528,0.591,0.0,0.0726,-7.411,0.0282,130.438,0.796,39
98,Live At The Hollywood Bowl,2016-09-09,A Hard Day's Night - Live / Remastered,193760,0.0495,0.287,0.872,6.48e-06,0.917,-7.361,0.0555,134.105,0.594,39
109,Let It Be... Naked (Remastered),2014-01-01,For You Blue - Naked Version / Remastered 2013,147808,0.276,0.854,0.625,0.00906,0.13,-10.091,0.0946,128.9,0.86,39
113,Let It Be... Naked (Remastered),2014-01-01,One After 909 - Naked Version / Remastered 2013,164102,0.0376,0.408,0.894,0.0,0.319,-6.746,0.123,182.399,0.866,39
295,Yellow Submarine (Remastered),1969-01-17,Pepperland - Remastered 2009,140733,0.661,0.354,0.281,0.763,0.243,-12.434,0.032,113.126,0.367,39
30,Abbey Road (Super Deluxe Edition),2019-09-27,The End - Take 3,131080,0.000927,0.671,0.42,0.706,0.507,-15.477,0.21,122.778,0.539,39
350,Sgt. Pepper's Lonely Hearts Club Band (Deluxe Edition),1967-06-01,Within You Without You - Remix,307586,0.325,0.292,0.545,5.95e-05,0.306,-8.475,0.0352,124.251,0.365,39
349,Sgt. Pepper's Lonely Hearts Club Band (Deluxe Edition),1967-06-01,Being For The Benefit Of Mr. Kite! - Remix,159200,0.13,0.246,0.743,0.0,0.19,-5.224,0.0526,83.339,0.623,39
38,Abbey Road (Super Deluxe Edition),2019-09-27,Something - Take 39 / Instrumental / Strings Only,161720,0.79,0.0959,0.229,0.942,0.0715,-14.741,0.0388,74.502,0.0677,39
422,Sgt. Pepper's Lonely Hearts Club Band (Super Deluxe Edition),1967-05-26,Fixing A Hole - Remix,157960,0.483,0.415,0.665,0.0,0.0663,-6.853,0.0448,112.618,0.523,39
35,Abbey Road (Super Deluxe Edition),2019-09-27,She Came In Through The Bathroom Window - Take 27,126080,0.00673,0.594,0.681,0.00128,0.1,-10.971,0.0286,79.384,0.858,39
60,The Beatles,2018-11-09,Everybody's Got Something To Hide Except Me And My Monkey - 2018 Mix,144653,0.00445,0.503,0.775,5.31e-05,0.0554,-6.719,0.0683,117.153,0.738,39
352,Sgt. Pepper's Lonely Hearts Club Band (Deluxe Edition),1967-06-01,Lovely Rita - Remix,165800,0.00624,0.58,0.695,0.0,0.0857,-5.49,0.0252,86.822,0.69,39
65,The Beatles,2018-11-09,Honey Pie - 2018 Mix,161160,0.893,0.592,0.357,4.96e-05,0.136,-11.976,0.0622,144.06,0.489,39
429,Sgt. Pepper's Lonely Hearts Club Band (Super Deluxe Edition),1967-05-26,Sgt. Pepper's Lonely Hearts Club Band (Reprise) - Remix,80600,0.000249,0.576,0.951,0.214,0.446,-5.03,0.0521,118.769,0.789,39
435,Sgt. Pepper's Lonely Hearts Club Band (Super Deluxe Edition),1967-05-26,Strawberry Fields Forever - Stereo Mix 2015,249920,0.385,0.413,0.722,0.000335,0.0994,-6.54,0.273,97.965,0.228,38
67,The Beatles,2018-11-09,Cry Baby Cry - 2018 Mix,181866,0.129,0.481,0.475,0.0209,0.196,-11.762,0.0264,76.795,0.489,38
427,Sgt. Pepper's Lonely Hearts Club Band (Super Deluxe Edition),1967-05-26,Lovely Rita - Remix,165800,0.00726,0.578,0.687,0.0,0.0936,-5.175,0.0241,87.479,0.659,38
34,Abbey Road (Super Deluxe Edition),2019-09-27,Polythene Pam - Take 27,99160,0.0734,0.479,0.708,0.0252,0.371,-12.094,0.0871,165.489,0.518,38
33,Abbey Road (Super Deluxe Edition),2019-09-27,Mean Mr. Mustard - Take 20,94293,0.023,0.59,0.553,0.0152,0.538,-12.316,0.0421,92.501,0.628,38
63,The Beatles,2018-11-09,"Long, Long, Long - 2018 Mix",186426,0.35,0.337,0.23,0.139,0.103,-11.589,0.0282,104.767,0.106,38
66,The Beatles,2018-11-09,Savoy Truffle - 2018 Mix,174440,0.00938,0.63,0.616,0.00962,0.0792,-7.972,0.0504,120.922,0.912,38
128,Yellow Submarine Songtrack,2014-01-01,Only A Northern Song,204506,0.000409,0.364,0.723,0.000192,0.0859,-7.378,0.0506,106.807,0.78,38
39,Abbey Road (Super Deluxe Edition),2019-09-27,Golden Slumbers / Carry That Weight - Take 17 / Instrumental / Strings & Brass Only,197266,0.829,0.178,0.218,0.768,0.101,-9.474,0.0336,83.482,0.15,38
36,Abbey Road (Super Deluxe Edition),2019-09-27,Because - Take 1 / Instrumental,187520,0.458,0.328,0.381,0.191,0.0799,-17.94,0.0745,165.109,0.2,38
32,Abbey Road (Super Deluxe Edition),2019-09-27,Sun King - Take 20,194026,0.444,0.559,0.23,0.0305,0.182,-19.72,0.0621,77.076,0.286,38
75,The Beatles,2018-11-09,While My Guitar Gently Weeps - Esher Demo,161440,0.835,0.503,0.321,0.0,0.353,-11.827,0.0468,82.396,0.36,38
68,The Beatles,2018-11-09,Revolution 9 - 2018 Mix,500853,0.775,0.193,0.706,0.0908,0.782,-12.392,0.369,82.224,0.119,37
354,Sgt. Pepper's Lonely Hearts Club Band (Deluxe Edition),1967-06-01,Sgt. Pepper's Lonely Hearts Club Band (Reprise) - Remix,80600,0.000202,0.575,0.948,0.369,0.513,-5.381,0.0561,118.758,0.856,37
353,Sgt. Pepper's Lonely Hearts Club Band (Deluxe Edition),1967-06-01,Good Morning Good Morning - Remix,154466,0.000312,0.511,0.794,0.0,0.555,-6.876,0.0887,121.517,0.847,37
70,The Beatles,2018-11-09,Back In The U.S.S.R. - Esher Demo,179906,0.756,0.658,0.53,0.0,0.185,-8.48,0.0845,127.719,0.557,37
73,The Beatles,2018-11-09,"Ob-La-Di, Ob-La-Da - Esher Demo",190600,0.403,0.76,0.601,0.0,0.0859,-7.883,0.0495,118.73,0.549,37
424,Sgt. Pepper's Lonely Hearts Club Band (Super Deluxe Edition),1967-05-26,Being For The Benefit Of Mr. Kite! - Remix,159200,0.103,0.247,0.752,0.0,0.107,-4.966,0.0559,83.149,0.593,37
99,Live At The Hollywood Bowl,2016-09-09,Help! - Live / Remastered,172600,0.024,0.286,0.77,0.0,0.835,-7.242,0.0517,94.967,0.538,36
296,Yellow Submarine (Remastered),1969-01-17,Sea Of Time - Remastered 2009,180213,0.971,0.237,0.096,0.0961,0.203,-20.629,0.0387,128.054,0.0629,36
78,The Beatles,2018-11-09,Blackbird - Esher Demo,154520,0.699,0.585,0.272,0.000274,0.0758,-12.194,0.0342,89.156,0.388,36
97,Live At The Hollywood Bowl,2016-09-09,Boys - Live / Remastered,128746,0.0372,0.279,0.941,0.000231,0.853,-6.217,0.0712,79.621,0.642,36
93,Live At The Hollywood Bowl,2016-09-09,Ticket To Ride - Live / Remastered,146240,0.0029,0.394,0.81,0.0,0.318,-8.07,0.0464,121.183,0.325,36
94,Live At The Hollywood Bowl,2016-09-09,Can't Buy Me Love - Live / Remastered,134866,0.00891,0.358,0.854,0.0,0.9,-7.722,0.049,86.468,0.624,36
371,Sgt. Pepper's Lonely Hearts Club Band (Deluxe Edition),1967-06-01,Strawberry Fields Forever - Stereo Mix 2015,246413,0.342,0.38,0.627,0.000231,0.092,-9.647,0.267,95.797,0.255,36
71,The Beatles,2018-11-09,Dear Prudence - Esher Demo,287053,0.655,0.387,0.266,0.0129,0.143,-12.38,0.0302,89.173,0.271,36
69,The Beatles,2018-11-09,Good Night - 2018 Mix,195213,0.888,0.131,0.343,0.383,0.107,-15.122,0.0349,95.082,0.137,36
301,Yellow Submarine (Remastered),1969-01-17,Yellow Submarine In Pepperland - Remastered 2009,134026,0.808,0.406,0.219,0.599,0.15,-13.155,0.0359,105.345,0.271,35
100,Live At The Hollywood Bowl,2016-09-09,All My Loving - Live / Remastered,135253,0.0203,0.203,0.663,0.0,0.899,-8.037,0.0349,169.994,0.725,35
101,Live At The Hollywood Bowl,2016-09-09,She Loves You - Live / Remastered,191000,0.192,0.357,0.858,0.0,0.671,-8.421,0.0866,78.408,0.478,35
104,Live At The Hollywood Bowl,2016-09-09,I Want To Hold Your Hand - Live / Bonus Track,149266,0.0177,0.225,0.834,0.0,0.948,-8.425,0.0596,141.085,0.518,35
86,The Beatles,2018-11-09,Revolution - Esher Demo,246640,0.294,0.723,0.383,1.73e-05,0.118,-9.526,0.0682,121.509,0.569,35
431,Sgt. Pepper's Lonely Hearts Club Band (Super Deluxe Edition),1967-05-26,Strawberry Fields Forever - Take 1,159786,0.829,0.623,0.132,8.74e-05,0.193,-11.084,0.0377,96.261,0.181,35
428,Sgt. Pepper's Lonely Hearts Club Band (Super Deluxe Edition),1967-05-26,Good Morning Good Morning - Remix,154466,0.000302,0.505,0.797,0.0,0.484,-6.631,0.0897,121.624,0.825,35
356,Sgt. Pepper's Lonely Hearts Club Band (Deluxe Edition),1967-06-01,Sgt. Pepper's Lonely Hearts Club Band - Take 9 And Speech,156440,0.256,0.585,0.7,0.0111,0.668,-7.966,0.0993,95.695,0.493,34
80,The Beatles,2018-11-09,Rocky Raccoon - Esher Demo,164320,0.619,0.6,0.297,0.0,0.301,-9.875,0.0349,82.588,0.356,34
297,Yellow Submarine (Remastered),1969-01-17,Sea Of Holes - Remastered 2009,136693,0.959,0.249,0.0994,0.926,0.454,-19.266,0.04,118.99,0.0357,34
91,Live At The Hollywood Bowl,2016-09-09,She's A Woman - Live / Remastered,192053,0.0072,0.36,0.882,7.75e-06,0.872,-8.242,0.0462,89.735,0.538,34
163,On Air - Live At The BBC (Vol.2),2013-11-11,"Twist And Shout - Live At The BBC For ""Pop Go The Beatles"" / 6th August, 1963",145320,0.601,0.65,0.753,0.0,0.0432,-9.124,0.0359,129.656,0.932,34
72,The Beatles,2018-11-09,Glass Onion - Esher Demo,115600,0.689,0.697,0.288,0.0,0.127,-9.951,0.0441,113.622,0.616,34
77,The Beatles,2018-11-09,I'm So Tired - Esher Demo,190760,0.756,0.473,0.285,0.0,0.925,-11.598,0.101,152.361,0.42,34
76,The Beatles,2018-11-09,Happiness Is A Warm Gun - Esher Demo,115026,0.771,0.587,0.18,2.41e-05,0.161,-12.486,0.0424,138.625,0.186,34
358,Sgt. Pepper's Lonely Hearts Club Band (Deluxe Edition),1967-06-01,Lucy In The Sky With Diamonds - Take 1,238866,0.787,0.418,0.367,3.45e-05,0.108,-12.36,0.0503,97.058,0.316,34
82,The Beatles,2018-11-09,Yer Blues - Esher Demo,211386,0.374,0.567,0.467,0.000416,0.511,-10.586,0.0432,148.643,0.643,33
81,The Beatles,2018-11-09,Julia - Esher Demo,236466,0.845,0.507,0.278,0.0344,0.228,-11.235,0.0306,138.715,0.261,33
89,The Beatles,2018-11-09,Sour Milk Sea - Esher Demo,223533,0.86,0.662,0.392,8.4e-06,0.378,-9.967,0.0509,127.317,0.402,33
92,Live At The Hollywood Bowl,2016-09-09,Dizzy Miss Lizzy - Live / Remastered,219733,0.0116,0.418,0.87,6.02e-05,0.584,-6.877,0.0507,129.684,0.732,33
83,The Beatles,2018-11-09,Mother Nature's Son - Esher Demo,144413,0.835,0.356,0.324,0.000122,0.351,-9.269,0.0282,174.134,0.331,33
74,The Beatles,2018-11-09,The Continuing Story Of Bungalow Bill - Esher Demo,160920,0.642,0.594,0.357,0.0,0.163,-9.262,0.0397,109.317,0.494,33
299,Yellow Submarine (Remastered),1969-01-17,March Of The Meanies - Remastered 2009,139360,0.934,0.538,0.378,0.758,0.456,-14.117,0.0387,117.185,0.16,33
227,Live At The BBC (Remastered),1994-11-30,"Soldier Of Love - Live At The BBC For ""Pop Go The Beatles"" / 16th July, 1963",119120,0.319,0.742,0.413,2.62e-06,0.305,-11.965,0.04,123.777,0.969,33
433,Sgt. Pepper's Lonely Hearts Club Band (Super Deluxe Edition),1967-05-26,Strawberry Fields Forever - Take 7,196746,0.754,0.369,0.402,9.96e-05,0.115,-10.841,0.243,178.787,0.346,33
298,Yellow Submarine (Remastered),1969-01-17,Sea Of Monsters - Remastered 2009,216693,0.945,0.253,0.166,0.862,0.135,-16.624,0.0346,83.971,0.0489,33
96,Live At The Hollywood Bowl,2016-09-09,Roll Over Beethoven - Live / Remastered,134013,0.00204,0.199,0.823,0.0,0.631,-8.032,0.0393,179.693,0.73,33
300,Yellow Submarine (Remastered),1969-01-17,Pepperland Laid Waste - Remastered 2009,132773,0.877,0.269,0.0902,0.821,0.302,-23.018,0.042,82.423,0.0462,33
434,Sgt. Pepper's Lonely Hearts Club Band (Super Deluxe Edition),1967-05-26,Strawberry Fields Forever - Take 26,198853,0.219,0.448,0.855,0.000455,0.34,-6.197,0.184,110.792,0.342,32
368,Sgt. Pepper's Lonely Hearts Club Band (Deluxe Edition),1967-06-01,A Day In The Life - Take 1 With Hums,291960,0.918,0.493,0.33,0.000139,0.281,-11.555,0.0384,162.502,0.195,32
369,Sgt. Pepper's Lonely Hearts Club Band (Deluxe Edition),1967-06-01,Strawberry Fields Forever - Take 7,196880,0.746,0.36,0.428,3.52e-05,0.116,-10.374,0.266,179.328,0.357,32
357,Sgt. Pepper's Lonely Hearts Club Band (Deluxe Edition),1967-06-01,With A Little Help From My Friends - Take 1 / False Start And Take 2 / Instrumental,196520,0.253,0.912,0.607,0.464,0.152,-7.957,0.122,111.363,0.385,32
432,Sgt. Pepper's Lonely Hearts Club Band (Super Deluxe Edition),1967-05-26,Strawberry Fields Forever - Take 4,180120,0.696,0.527,0.339,4.48e-06,0.139,-12.166,0.054,90.754,0.314,32
79,The Beatles,2018-11-09,Piggies - Esher Demo,125786,0.868,0.447,0.225,0.0,0.341,-11.622,0.0445,175.566,0.464,32
95,Live At The Hollywood Bowl,2016-09-09,Things We Said Today - Live / Remastered,138733,0.0669,0.305,0.627,0.0,0.802,-8.525,0.0463,72.244,0.488,32
220,Live At The BBC (Remastered),1994-11-30,"Some Other Guy - Live At The BBC For ""Easy Beat"" / 23rd June, 1963",121173,0.00388,0.451,0.809,0.442,0.139,-10.967,0.0425,94.578,0.895,32
84,The Beatles,2018-11-09,Everybody's Got Something To Hide Except Me And My Monkey - Esher Demo,183893,0.131,0.678,0.587,0.0,0.31,-9.721,0.0398,118.018,0.704,32
85,The Beatles,2018-11-09,Sexy Sadie - Esher Demo,146693,0.783,0.432,0.283,1.95e-06,0.358,-11.616,0.0528,147.869,0.257,32
87,The Beatles,2018-11-09,Honey Pie - Esher Demo,119906,0.4,0.633,0.47,0.0,0.261,-9.198,0.113,78.419,0.655,32
88,The Beatles,2018-11-09,Cry Baby Cry - Esher Demo,147733,0.805,0.63,0.277,0.0,0.332,-11.472,0.0529,154.921,0.717,32
102,Live At The Hollywood Bowl,2016-09-09,Long Tall Sally - Live / Remastered,124653,0.0285,0.38,0.908,0.0,0.577,-5.919,0.0483,91.242,0.652,32
136,On Air - Live At The BBC (Vol.2),2013-11-11,"Do You Want To Know A Secret - Live At The BBC For ""Pop Go The Beatles"" / 30th July, 1963",107520,0.65,0.551,0.352,0.0,0.471,-11.919,0.0314,135.669,0.717,32
106,Live At The Hollywood Bowl,2016-09-09,Baby's In Black - Live / Bonus Track,164653,0.0183,0.202,0.756,1.05e-06,0.918,-7.895,0.0528,185.584,0.669,31
223,Live At The BBC (Remastered),1994-11-30,"Baby It's You - Live At The BBC For ""Pop Go The Beatles"" / 11th June, 1963",163546,0.326,0.531,0.525,0.0,0.432,-13.038,0.0298,114.533,0.786,31
436,Sgt. Pepper's Lonely Hearts Club Band (Super Deluxe Edition),1967-05-26,When I'm Sixty-Four - Take 2,181160,0.32,0.816,0.218,0.0,0.0846,-12.286,0.159,132.619,0.434,31
216,Live At The BBC (Remastered),1994-11-30,"I'll Be On My Way - Live At The BBC For ""Side By Side"" / 24th June, 1963",117813,0.234,0.614,0.485,2.32e-06,0.142,-12.902,0.0306,125.477,0.79,31
234,Live At The BBC (Remastered),1994-11-30,"To Know Her Is To Love Her - Live At The BBC For ""Pop Go The Beatles"" / 6th August, 1963",170933,0.777,0.45,0.34,0.0,0.22,-13.886,0.0336,101.253,0.456,31
239,Live At The BBC (Remastered),1994-11-30,"Johnny B Goode - Live At The BBC For ""Saturday Club"" / 15th February, 1964",171253,0.0281,0.492,0.737,1.45e-05,0.239,-10.537,0.0442,152.231,0.961,31
139,On Air - Live At The BBC (Vol.2),2013-11-11,"Anna (Go To Him) - Live At The BBC For ""Pop Go The Beatles"" / 27th August, 1963",169560,0.944,0.71,0.474,0.0163,0.256,-11.609,0.0331,111.623,0.813,31
103,Live At The Hollywood Bowl,2016-09-09,You Can't Do That - Live / Bonus Track,154426,0.00224,0.432,0.705,0.0,0.834,-8.396,0.0334,136.18,0.677,31
134,On Air - Live At The BBC (Vol.2),2013-11-11,"Words Of Love - Live At The BBC For ""Pop Go The Beatles"" / 20th August, 1963",115746,0.776,0.634,0.607,0.000451,0.176,-10.635,0.0277,126.776,0.925,31
364,Sgt. Pepper's Lonely Hearts Club Band (Deluxe Edition),1967-06-01,When I'm Sixty-Four - Take 2,178653,0.218,0.815,0.237,0.0,0.0814,-11.932,0.162,132.627,0.426,30
361,Sgt. Pepper's Lonely Hearts Club Band (Deluxe Edition),1967-06-01,She's Leaving Home - Take 1 / Instrumental,229120,0.914,0.45,0.12,0.883,0.123,-13.069,0.0363,128.506,0.182,30
105,Live At The Hollywood Bowl,2016-09-09,Everybody’s Trying To Be My Baby - Live / Bonus Track,141426,0.0548,0.191,0.896,0.0,0.488,-5.996,0.0521,175.22,0.728,30
360,Sgt. Pepper's Lonely Hearts Club Band (Deluxe Edition),1967-06-01,Fixing A Hole - Speech And Take 3,207840,0.166,0.605,0.546,0.000121,0.0436,-7.176,0.0486,115.28,0.568,30
370,Sgt. Pepper's Lonely Hearts Club Band (Deluxe Edition),1967-06-01,Strawberry Fields Forever - Take 26,199813,0.219,0.444,0.734,0.000303,0.335,-9.825,0.17,110.629,0.335,30
215,Live At The BBC (Remastered),1994-11-30,"Keep Your Hands Off My Baby - Live At The BBC For ""Saturday Club"" / 26th January, 1963",151280,0.0851,0.566,0.629,0.833,0.0795,-11.637,0.103,134.925,0.885,30
213,Live At The BBC (Remastered),1994-11-30,"I Got A Woman - Live At The BBC For ""Pop Go The Beatles"" / 13th August, 1963",168333,0.646,0.676,0.661,0.0,0.0965,-9.981,0.0348,103.446,0.909,30
149,On Air - Live At The BBC (Vol.2),2013-11-11,"Till There Was You - Live At The BBC For ""Pop Go The Beatles"" / 30th July, 1963",136173,0.859,0.703,0.369,0.000102,0.0844,-11.754,0.0347,118.11,0.754,30
359,Sgt. Pepper's Lonely Hearts Club Band (Deluxe Edition),1967-06-01,Getting Better - Take 1 / Instrumental And Speech At The End,138533,0.412,0.724,0.456,0.0928,0.198,-10.587,0.0748,127.521,0.32,30
362,Sgt. Pepper's Lonely Hearts Club Band (Deluxe Edition),1967-06-01,Being For The Benefit Of Mr. Kite! - Take 4,187213,0.452,0.592,0.387,5.23e-06,0.391,-11.451,0.0561,111.097,0.507,29
363,Sgt. Pepper's Lonely Hearts Club Band (Deluxe Edition),1967-06-01,Within You Without You - Take 1 / Indian Instruments,333400,0.676,0.376,0.391,0.205,0.152,-13.214,0.0398,120.234,0.175,29
365,Sgt. Pepper's Lonely Hearts Club Band (Deluxe Edition),1967-06-01,Lovely Rita - Speech And Take 9,184360,0.287,0.472,0.711,0.0,0.377,-6.874,0.0561,180.847,0.68,29
437,Sgt. Pepper's Lonely Hearts Club Band (Super Deluxe Edition),1967-05-26,Penny Lane - Take 6 / Instrumental,175546,0.667,0.901,0.548,0.837,0.161,-6.808,0.0996,120.775,0.135,29
460,Sgt. Pepper's Lonely Hearts Club Band (Super Deluxe Edition),1967-05-26,She's Leaving Home - Take 1 / Instrumental,229146,0.931,0.442,0.0782,0.895,0.108,-16.256,0.0374,128.584,0.198,29
167,On Air - Live At The BBC (Vol.2),2013-11-11,"I Saw Her Standing There - Live At The BBC For ""Saturday Club"" / 5th October, 1963",155733,0.143,0.492,0.506,3.42e-06,0.118,-12.635,0.0347,79.471,0.96,29
157,On Air - Live At The BBC (Vol.2),2013-11-11,"Please Mister Postman - Live At The BBC For ""Pop Go The Beatles"" / 30th July 1963",136493,0.823,0.704,0.549,0.0,0.123,-9.867,0.0346,125.86,0.922,29
141,On Air - Live At The BBC (Vol.2),2013-11-11,"Please Please Me - Live At The BBC For ""Pop Go The Beatles"" / 13th August, 1963",115440,0.798,0.524,0.614,0.0,0.213,-10.379,0.0376,140.608,0.824,29
218,Live At The BBC (Remastered),1994-11-30,"A Shot Of Rhythm And Blues - Live At The BBC For ""Pop Go The Beatles"" / 27th August, 1963",136000,0.879,0.699,0.752,0.000237,0.265,-9.565,0.0354,128.919,0.968,29
179,On Air - Live At The BBC (Vol.2),2013-11-11,"This Boy - Live At The BBC For ""Saturday Club"" / 21st December, 1963",136000,0.815,0.632,0.45,0.000104,0.0922,-10.853,0.0323,106.002,0.529,29
214,Live At The BBC (Remastered),1994-11-30,"Too Much Monkey Business - Live At The BBC For ""Pop Go The Beatles"" / 10th September, 1963",127573,0.28,0.631,0.766,1.87e-06,0.086,-9.194,0.0601,90.715,0.965,29
251,Live At The BBC (Remastered),1994-11-30,"All My Loving - Live At The BBC For ""From Us To You Say The Beatles"" / 30th March, 1964",126706,0.117,0.477,0.49,0.00462,0.316,-10.884,0.0314,76.349,0.882,29
137,On Air - Live At The BBC (Vol.2),2013-11-11,"Lucille - Live At The BBC For ""Pop Go The Beatles"" / 17th September, 1963",148800,0.752,0.588,0.843,0.00275,0.476,-9.296,0.044,137.253,0.91,29
466,Sgt. Pepper's Lonely Hearts Club Band (Super Deluxe Edition),1967-05-26,Lucy In The Sky With Diamonds,207333,0.138,0.269,0.365,0.0,0.0904,-11.12,0.0401,190.968,0.357,28
244,Live At The BBC (Remastered),1994-11-30,"Till There Was You - Live At The BBC For ""From Us To You Say The Beatles"" / 10th March, 1964",137426,0.616,0.571,0.329,1.82e-06,0.0876,-13.496,0.0362,120.101,0.571,28
231,Live At The BBC (Remastered),1994-11-30,"Crying, Waiting, Hoping - Live At The BBC For ""Pop Go The Beatles"" / 6th August, 1963",131173,0.689,0.647,0.312,0.0,0.1,-14.55,0.0358,133.613,0.895,28
158,On Air - Live At The BBC (Vol.2),2013-11-11,"Beautiful Dreamer - Live At The BBC For ""Saturday Club"" / 26th January, 1963",106106,0.84,0.44,0.765,0.166,0.2,-8.699,0.0855,169.334,0.81,28
233,Live At The BBC (Remastered),1994-11-30,"You Really Got A Hold On Me - Live At The BBC For ""Saturday Club"" / 24th August, 1963",158226,0.721,0.649,0.294,0.0,0.0716,-12.289,0.0322,82.895,0.738,28
224,Live At The BBC (Remastered),1994-11-30,"That's All Right (Mama) - Live At The BBC For ""Pop Go The Beatles"" / 16th July, 1963",175640,0.604,0.671,0.657,0.573,0.118,-9.806,0.03,104.729,0.957,28
221,Live At The BBC (Remastered),1994-11-30,"Thank You Girl - Live At The BBC For ""Easy Beat"" / 23rd June, 1963",124653,0.0183,0.404,0.722,0.0,0.122,-11.698,0.0317,140.796,0.932,28
142,On Air - Live At The BBC (Vol.2),2013-11-11,"Misery - Live At The BBC For ""Here We Go"" / 12th March, 1963",109573,0.298,0.68,0.535,0.0,0.833,-11.952,0.0346,136.854,0.858,28
148,On Air - Live At The BBC (Vol.2),2013-11-11,"Ask Me Why - Live At The BBC For ""Pop Go The Beatles"" / 24th September, 1963",114230,0.792,0.694,0.266,9.12e-05,0.0831,-11.334,0.0342,138.523,0.874,28
219,Live At The BBC (Remastered),1994-11-30,"Sure To Fall (In Love With You) - Live At The BBC For ""Pop Go The Beatles"" / 18th June, 1963",128093,0.351,0.485,0.53,7.73e-06,0.587,-11.612,0.03,129.198,0.896,28
235,Live At The BBC (Remastered),1994-11-30,"A Taste Of Honey - Live At The BBC For ""Pop Go The Beatles"" / 23rd July, 1963",118693,0.737,0.506,0.285,0.0,0.333,-12.723,0.0313,100.443,0.607,28
237,Live At The BBC (Remastered),1994-11-30,"I Saw Her Standing There - Live At The BBC For ""Easy Beat"" / 20th October 1963",155133,0.232,0.459,0.735,0.0,0.943,-9.772,0.0384,164.869,0.938,28
217,Live At The BBC (Remastered),1994-11-30,"Young Blood - Live At The BBC For ""Pop Go The Beatles"" / 11th June, 1963",115546,0.697,0.474,0.615,0.0,0.926,-10.302,0.0358,68.111,0.923,28
212,Live At The BBC (Remastered),1994-11-30,"Riding On A Bus - Live At The BBC For ""Top Gear"" / 26th November, 1964",54893,0.928,0.646,0.135,0.0,0.353,-23.549,0.904,70.649,0.624,28
372,Sgt. Pepper's Lonely Hearts Club Band (Deluxe Edition),1967-06-01,Penny Lane - Take 6 / Instrumental,176706,0.69,0.897,0.516,0.737,0.125,-8.867,0.0883,120.735,0.144,28
440,Sgt. Pepper's Lonely Hearts Club Band (Super Deluxe Edition),1967-05-26,A Day In The Life - Take 1,281493,0.922,0.508,0.311,8.74e-05,0.125,-12.204,0.0403,84.655,0.2,28
238,Live At The BBC (Remastered),1994-11-30,"The Honeymoon Song - Live At The BBC For ""Pop Go The Beatles"" / 6th August, 1963",99973,0.72,0.728,0.323,0.0,0.0794,-14.612,0.0501,134.904,0.799,28
367,Sgt. Pepper's Lonely Hearts Club Band (Deluxe Edition),1967-06-01,Sgt. Pepper's Lonely Hearts Club Band (Reprise) - Speech And Take 8,116066,0.258,0.797,0.806,0.000172,0.132,-7.117,0.086,119.285,0.762,28
366,Sgt. Pepper's Lonely Hearts Club Band (Deluxe Edition),1967-06-01,Good Morning Good Morning - Take 8,166640,0.0225,0.752,0.514,0.000174,0.161,-10.523,0.0945,121.741,0.79,28
446,Sgt. Pepper's Lonely Hearts Club Band (Super Deluxe Edition),1967-05-26,Sgt. Pepper's Lonely Hearts Club Band - Take 9 And Speech,156720,0.352,0.597,0.66,0.00913,0.693,-9.499,0.0771,95.664,0.556,28
254,Live At The BBC (Remastered),1994-11-30,"Sweet Little Sixteen - Live At The BBC For ""Pop Go The Beatles"" / 23rd July, 1963",141466,0.403,0.491,0.637,0.0,0.071,-10.923,0.0437,169.477,0.975,27
448,Sgt. Pepper's Lonely Hearts Club Band (Super Deluxe Edition),1967-05-26,Good Morning Good Morning - Take 8,167306,0.0231,0.749,0.435,0.000195,0.135,-13.366,0.0977,121.715,0.79,27
464,Sgt. Pepper's Lonely Hearts Club Band (Super Deluxe Edition),1967-05-26,Sgt Pepper's Lonely Hearts Club Band,122373,0.218,0.438,0.651,5.87e-05,0.905,-10.615,0.0932,95.711,0.624,27
240,Live At The BBC (Remastered),1994-11-30,"Memphis, Tennessee - Live At The BBC For ""Pop Go The Beatles"" / 30th July, 1963",135786,0.613,0.77,0.411,0.00275,0.0875,-11.981,0.0447,97.793,0.538,27
465,Sgt. Pepper's Lonely Hearts Club Band (Super Deluxe Edition),1967-05-26,With A Little Help From My Friends,165160,0.294,0.705,0.427,0.0,0.355,-11.971,0.0353,112.294,0.827,27
246,Live At The BBC (Remastered),1994-11-30,"A Hard Day's Night - Live At The BBC For ""Top Gear"" / 16th July, 1964",163600,0.0179,0.552,0.525,0.0,0.147,-11.16,0.0363,139.302,0.796,27
143,On Air - Live At The BBC (Vol.2),2013-11-11,"I'm Talking About You - Live At The BBC For ""Saturday Club"" / 16th March, 1963",112133,0.826,0.579,0.772,0.742,0.548,-9.387,0.0419,143.73,0.948,27
453,Sgt. Pepper's Lonely Hearts Club Band (Super Deluxe Edition),1967-05-26,Lovely Rita - Speech And Take 9,185013,0.384,0.671,0.645,0.0,0.382,-9.214,0.04,90.553,0.653,27
145,On Air - Live At The BBC (Vol.2),2013-11-11,"Boys - Live At The BBC For ""Pop Go The Beatles"" / 25th June, 1963",148773,0.644,0.502,0.609,0.0,0.496,-10.167,0.0364,144.439,0.792,27
225,Live At The BBC (Remastered),1994-11-30,"Carol - Live At The BBC For ""Pop Go The Beatles"" / 16th July, 1963",156226,0.311,0.484,0.706,6.55e-06,0.0839,-11.505,0.0352,155.616,0.979,27
135,On Air - Live At The BBC (Vol.2),2013-11-11,"How About It, Gorgeous? - Live At The BBC For ""Pop Go The Beatles"" / 30th July, 1963",37266,0.944,0.649,0.176,0.0,0.35,-20.148,0.942,86.051,0.923,27
171,On Air - Live At The BBC (Vol.2),2013-11-11,"She Loves You - Live At The BBC For ""Saturday Club"" / 5th October, 1963",135240,0.432,0.43,0.523,0.0,0.105,-10.254,0.0288,155.13,0.904,27
441,Sgt. Pepper's Lonely Hearts Club Band (Super Deluxe Edition),1967-05-26,A Day In The Life - Take 2,289120,0.905,0.5,0.205,6.72e-05,0.345,-16.155,0.0437,76.521,0.171,27
173,On Air - Live At The BBC (Vol.2),2013-11-11,"Happy Birthday Dear Saturday Club - Live At The BBC For ""Saturday Club"" / 5th October, 1963",33853,0.722,0.759,0.486,0.0,0.105,-11.775,0.137,160.832,0.863,27
177,On Air - Live At The BBC (Vol.2),2013-11-11,"I Want To Hold Your Hand - Live At The BBC For ""The Beatles Say From Us To You"" / 26th December, 1963",143333,0.674,0.588,0.744,5.99e-05,0.336,-10.502,0.0356,132.471,0.865,27
147,On Air - Live At The BBC (Vol.2),2013-11-11,"Chains - Live At The BBC For ""Pop Go The Beatles"" / 25th June, 1963",135102,0.545,0.517,0.576,0.0,0.081,-12.327,0.0434,136.471,0.924,27
242,Live At The BBC (Remastered),1994-11-30,"Can't Buy Me Love - Live At The BBC For ""From Us To You Say The Beatles"" / 10th March, 1964",127653,0.316,0.531,0.597,0.0,0.451,-10.337,0.0342,173.251,0.946,27
156,On Air - Live At The BBC (Vol.2),2013-11-11,"P.S. I Love You - Live At The BBC For ""Pop Go The Beatles"" / 25th June, 1963",119333,0.451,0.55,0.295,7.83e-06,0.231,-12.462,0.0313,138.658,0.736,27
229,Live At The BBC (Remastered),1994-11-30,"Clarabella - Live At The BBC For ""Pop Go The Beatles"" / 16th July, 1963",159946,0.61,0.521,0.63,0.0,0.597,-11.097,0.0729,132.094,0.883,27
153,On Air - Live At The BBC (Vol.2),2013-11-11,"Roll Over Beethoven - Live At The BBC For ""Pop Go The Beatles"" / 3rd September, 1963",141853,0.961,0.391,0.885,8.41e-05,0.344,-8.674,0.0628,165.057,0.89,27
152,On Air - Live At The BBC (Vol.2),2013-11-11,"The Hippy Hippy Shake - Live At The BBC For ""Pop Go The Beatles"" / 10th September, 1963",106133,0.692,0.504,0.763,0.00766,0.173,-8.714,0.0763,140.272,0.928,27
230,Live At The BBC (Remastered),1994-11-30,"I'm Gonna Sit Right Down And Cry (Over You) - Live At The BBC For ""Pop Go The Beatles"" / 6th August, 1963",122000,0.357,0.639,0.651,8.98e-06,0.0737,-11.385,0.047,98.026,0.942,27
226,Live At The BBC (Remastered),1994-11-30,"What Is It, George? - Live At The BBC For ""Pop Go The Beatles"" / 16th July, 1963",31146,0.784,0.745,0.173,0.0,0.506,-23.719,0.93,102.311,0.649,26
236,Live At The BBC (Remastered),1994-11-30,"Long Tall Sally - Live At The BBC For ""Pop Go The Beatles"" / 13th August, 1963",113973,0.267,0.593,0.666,0.000226,0.126,-10.766,0.0485,91.054,0.877,26
450,Sgt. Pepper's Lonely Hearts Club Band (Super Deluxe Edition),1967-05-26,Fixing A Hole - Speech And Take 3,208200,0.185,0.622,0.454,7.47e-05,0.038,-10.807,0.0573,117.871,0.613,26
438,Sgt. Pepper's Lonely Hearts Club Band (Super Deluxe Edition),1967-05-26,Penny Lane - Vocal Overdubs And Speech,107093,0.7,0.879,0.143,0.00184,0.452,-19.917,0.261,113.267,0.393,26
451,Sgt. Pepper's Lonely Hearts Club Band (Super Deluxe Edition),1967-05-26,Being For The Benefit Of Mr. Kite! - Speech From Before Take 1 / Take 4 And Speech At End,188320,0.495,0.602,0.302,6.1e-06,0.233,-14.663,0.0606,111.935,0.527,26
462,Sgt. Pepper's Lonely Hearts Club Band (Super Deluxe Edition),1967-05-26,With A Little Help From My Friends - Take 1 / False Start And Take 2 / Instrumental,194973,0.254,0.915,0.51,0.479,0.138,-10.896,0.121,111.378,0.356,26
258,Live At The BBC (Remastered),1994-11-30,"The Hippy Hippy Shake - Live At The BBC For ""Pop Go The Beatles"" / 30th July, 1963",110306,0.504,0.541,0.6,0.0,0.238,-11.599,0.0311,133.737,0.958,26
458,Sgt. Pepper's Lonely Hearts Club Band (Super Deluxe Edition),1967-05-26,Within You Without You - Take 1 / Indian Instruments,332560,0.699,0.383,0.432,0.177,0.133,-10.98,0.0409,120.037,0.184,26
257,Live At The BBC (Remastered),1994-11-30,"Nothin' Shakin' - Live At The BBC For ""Pop Go The Beatles"" / 23rd July, 1963",179880,0.52,0.761,0.614,0.0,0.179,-11.97,0.0374,117.032,0.979,26
250,Live At The BBC (Remastered),1994-11-30,"Roll Over Beethoven - Live At The BBC For ""From Us To You Say The Beatles"" / 30th March, 1964",136746,0.27,0.468,0.644,0.000156,0.185,-11.269,0.0439,169.778,0.966,26
252,Live At The BBC (Remastered),1994-11-30,"Things We Said Today - Live At The BBC For ""Top Gear"" / 16th July, 1964",137840,0.267,0.649,0.488,0.0,0.0662,-12.87,0.0341,136.058,0.778,26
256,Live At The BBC (Remastered),1994-11-30,"Lonesome Tears In My Eyes - Live At The BBC For ""Pop Go The Beatles"" / 23rd July, 1963",156160,0.46,0.579,0.481,0.0459,0.0741,-12.618,0.0398,161.701,0.963,26
463,Sgt. Pepper's Lonely Hearts Club Band (Super Deluxe Edition),1967-05-26,Sgt. Pepper's Lonely Hearts Club Band (Reprise) - Speech And Take 8,119160,0.268,0.787,0.762,8.09e-05,0.0707,-10.758,0.0818,119.302,0.679,26
150,On Air - Live At The BBC (Vol.2),2013-11-11,"Lend Me Your Comb - Live At The BBC For ""Pop Go The Beatles"" / 16th July, 1963",106853,0.529,0.592,0.521,0.000441,0.0875,-10.106,0.0409,79.103,0.961,26
154,On Air - Live At The BBC (Vol.2),2013-11-11,"There's A Place - Live At The BBC For ""Pop Go The Beatles"" / 3rd September, 1963",108960,0.633,0.514,0.667,0.0,0.623,-8.532,0.0302,71.852,0.864,26
159,On Air - Live At The BBC (Vol.2),2013-11-11,"Devil In Her Heart - Live At The BBC For ""Pop Go The Beatles"" / 25th September, 1963",141666,0.788,0.714,0.534,0.000262,0.344,-10.296,0.0318,122.336,0.897,26
170,On Air - Live At The BBC (Vol.2),2013-11-11,"I'll Get You - Live At The BBC For ""Saturday Club"" / 5th October, 1963",122346,0.303,0.753,0.346,4.03e-06,0.146,-14.072,0.0469,124.64,0.953,25
445,Sgt. Pepper's Lonely Hearts Club Band (Super Deluxe Edition),1967-05-26,Sgt. Pepper's Lonely Hearts Club Band - Take 1 / Instrumental,154120,0.717,0.695,0.747,0.465,0.0963,-9.061,0.0547,97.846,0.141,25
443,Sgt. Pepper's Lonely Hearts Club Band (Super Deluxe Edition),1967-05-26,"A Day In The Life - Hummed Last Chord / Takes 8, 9, 10 And 11",114560,0.869,0.423,0.226,0.0,0.358,-23.109,0.516,152.329,0.325,25
175,On Air - Live At The BBC (Vol.2),2013-11-11,"From Me To You - Live At The BBC For ""Easy Beat"" / 20th October, 1963",110786,0.438,0.474,0.785,0.000101,0.533,-8.422,0.0502,143.192,0.793,25
176,On Air - Live At The BBC (Vol.2),2013-11-11,"Money (That's What I Want) - Live At The BBC For ""The Beatles Say From Us To You"" / 26th December, 1963",162813,0.811,0.633,0.67,0.00156,0.174,-9.888,0.0377,131.226,0.96,25
444,Sgt. Pepper's Lonely Hearts Club Band (Super Deluxe Edition),1967-05-26,A Day In The Life - The Last Chord,173093,0.911,0.438,0.0124,6.71e-05,0.11,-23.34,0.0516,71.937,0.137,25
259,Live At The BBC (Remastered),1994-11-30,"Glad All Over - Live At The BBC For ""Pop Go The Beatles"" / 20th August, 1963",112813,0.583,0.604,0.617,0.0,0.454,-11.213,0.0346,92.458,0.913,25
456,Sgt. Pepper's Lonely Hearts Club Band (Super Deluxe Edition),1967-05-26,Getting Better - Take 1 / Instrumental And Speech At The End,139200,0.412,0.718,0.487,0.048,0.306,-9.718,0.0839,127.533,0.382,25
161,On Air - Live At The BBC (Vol.2),2013-11-11,"Sure To Fall (In Love With You) - Live At The BBC For ""Pop Go The Beatles"" / 24th September, 1963",140653,0.78,0.662,0.336,0.00123,0.177,-10.685,0.0294,117.334,0.723,25
442,Sgt. Pepper's Lonely Hearts Club Band (Super Deluxe Edition),1967-05-26,A Day In The Life - Orchestra Overdub,55786,0.819,0.243,0.57,0.659,0.297,-16.492,0.042,83.105,0.184,25
144,On Air - Live At The BBC (Vol.2),2013-11-11,"A Real Treat - Live At The BBC For ""Pop Go The Beatles"" / 25th June, 1963",36720,0.845,0.742,0.254,0.0,0.171,-17.763,0.942,86.107,0.798,25
454,Sgt. Pepper's Lonely Hearts Club Band (Super Deluxe Edition),1967-05-26,Lucy In The Sky With Diamonds - Take 1 And Speech At The End,220320,0.724,0.46,0.297,3.96e-05,0.0799,-13.927,0.0485,134.224,0.337,25
253,Live At The BBC (Remastered),1994-11-30,"She's A Woman - Live At The BBC For ""Top Gear"" / 26th November, 1964",198866,0.138,0.76,0.378,0.00016,0.0671,-13.018,0.0402,87.182,0.907,25
248,Live At The BBC (Remastered),1994-11-30,"I Wanna Be Your Man - Live At The BBC For ""From Us To You Say The Beatles"" / 30th March, 1964",129880,0.436,0.435,0.818,8.99e-06,0.134,-10.838,0.0825,192.399,0.691,25
241,Live At The BBC (Remastered),1994-11-30,"Lucille - Live At The BBC For ""Saturday Club"" / 5th October, 1963",110160,0.397,0.629,0.651,0.0,0.293,-10.471,0.0306,142.527,0.97,25
455,Sgt. Pepper's Lonely Hearts Club Band (Super Deluxe Edition),1967-05-26,"Lucy In The Sky With Diamonds - Speech, False Start And Take 5",248480,0.723,0.475,0.384,6.88e-06,0.158,-13.292,0.119,132.659,0.401,24
162,On Air - Live At The BBC (Vol.2),2013-11-11,"Never Mind, Eh? - Live At The BBC For ""Pop Go The Beatles"" / 24th September, 1963",34280,0.961,0.716,0.164,0.0,0.356,-18.487,0.935,91.668,0.546,24
172,On Air - Live At The BBC (Vol.2),2013-11-11,"Memphis, Tennessee - Live At The BBC For ""Saturday Club"" / 5th October, 1963",135893,0.231,0.757,0.303,0.152,0.109,-11.923,0.0461,98.125,0.703,24
182,On Air - Live At The BBC (Vol.2),2013-11-11,"Long Tall Sally - Live At The BBC For ""Top Gear"" / 16th July, 1964",118306,0.0026,0.407,0.477,0.00261,0.0411,-11.479,0.0411,173.556,0.782,24
165,On Air - Live At The BBC (Vol.2),2013-11-11,"John - Pop Profile - Live At The BBC / 30th November, 1965",501880,0.738,0.7,0.186,0.0,0.109,-19.332,0.688,110.779,0.832,24
155,On Air - Live At The BBC (Vol.2),2013-11-11,"Bumper Bundle - Live At The BBC For ""Pop Go The Beatles"" / 25th June, 1963",49320,0.854,0.716,0.196,0.0,0.109,-19.778,0.943,115.763,0.906,24
449,Sgt. Pepper's Lonely Hearts Club Band (Super Deluxe Edition),1967-05-26,Fixing A Hole - Take 1,179360,0.177,0.572,0.409,2.87e-05,0.0721,-12.432,0.048,114.662,0.632,24
168,On Air - Live At The BBC (Vol.2),2013-11-11,"Glad All Over - Live At The BBC For ""Saturday Club"" / 24th August, 1963",112493,0.623,0.638,0.581,0.0,0.53,-12.328,0.0429,96.099,0.959,24
447,Sgt. Pepper's Lonely Hearts Club Band (Super Deluxe Edition),1967-05-26,Good Morning Good Morning - Take 1 / Instrumental Breakdown,64426,0.0275,0.762,0.582,0.301,0.176,-12.905,0.0847,122.98,0.0765,24
245,Live At The BBC (Remastered),1994-11-30,"Crinsk Dee Night - Live At The BBC For ""Top Gear"" / 16th July, 1964",69413,0.807,0.678,0.11,0.0,0.303,-21.429,0.456,87.792,0.699,24
232,Live At The BBC (Remastered),1994-11-30,"Dear Wack! - Live At The BBC For ""Saturday Club"" / 24th August, 1963",42653,0.928,0.626,0.15,0.0,0.196,-22.172,0.836,82.17,0.934,24
166,On Air - Live At The BBC (Vol.2),2013-11-11,"George - Pop Profile - Live At The BBC / 30th November, 1965",484660,0.786,0.596,0.118,0.0,0.192,-22.503,0.704,90.225,0.594,23
181,On Air - Live At The BBC (Vol.2),2013-11-11,"I Got A Woman - Live At The BBC For ""Saturday Club"" / 4th April, 1964",155640,0.0257,0.592,0.563,0.000961,0.0751,-11.998,0.0505,112.343,0.772,23
457,Sgt. Pepper's Lonely Hearts Club Band (Super Deluxe Edition),1967-05-26,Getting Better - Take 12,165053,0.124,0.769,0.488,0.00063,0.0715,-7.582,0.0438,122.268,0.705,23
461,Sgt. Pepper's Lonely Hearts Club Band (Super Deluxe Edition),1967-05-26,She's Leaving Home - Take 6 / Instrumental,228253,0.928,0.47,0.0693,0.681,0.146,-15.798,0.038,129.005,0.285,23
452,Sgt. Pepper's Lonely Hearts Club Band (Super Deluxe Edition),1967-05-26,Being For The Benefit Of Mr. Kite! - Take 7,155200,0.606,0.6,0.326,0.0,0.185,-14.385,0.101,112.449,0.574,23
288,Abbey Road (Remastered),1969-09-26,Her Majesty - Remastered 2009,25986,0.728,0.703,0.215,1.23e-06,0.13,-23.03,0.0892,100.874,0.522,22
178,On Air - Live At The BBC (Vol.2),2013-11-11,"Brian Bathtubes - Live At The BBC For ""Saturday Club"" / 21st December, 1963",58520,0.953,0.77,0.302,0.0,0.226,-17.059,0.942,61.03,0.797,22
459,Sgt. Pepper's Lonely Hearts Club Band (Super Deluxe Edition),1967-05-26,Within You Without You - George Coaching The Musicians,235666,0.828,0.36,0.313,2.61e-05,0.155,-13.814,0.0401,119.292,0.315,22
180,On Air - Live At The BBC (Vol.2),2013-11-11,"If I Wasn’t In America - Live At The BBC For ""Saturday Club"" / 15th February, 1964",44600,0.915,0.674,0.54,0.0012,0.648,-14.934,0.844,76.97,0.958,22
169,On Air - Live At The BBC (Vol.2),2013-11-11,"Lift Lid Again - Live At The BBC For ""Saturday Club"" / 24th August, 1963",37000,0.966,0.678,0.16,0.0,0.315,-24.43,0.947,139.686,0.864,22
374,Sgt. Pepper's Lonely Hearts Club Band (Deluxe Edition),1967-06-01,Sgt. Pepper's Lonely Hearts Club Band - Remix,122133,0.0289,0.367,0.846,0.0135,0.876,-6.695,0.12,95.149,0.516,17
376,Sgt. Pepper's Lonely Hearts Club Band (Deluxe Edition),1967-06-01,Lucy In The Sky With Diamonds - Remix,207680,0.0935,0.325,0.513,0.0,0.156,-6.542,0.0392,135.753,0.425,15
386,Sgt. Pepper's Lonely Hearts Club Band (Deluxe Edition),1967-06-01,A Day In The Life - Remix,330920,0.254,0.339,0.446,0.000177,0.9,-10.854,0.0453,80.895,0.133,14
375,Sgt. Pepper's Lonely Hearts Club Band (Deluxe Edition),1967-06-01,With A Little Help From My Friends - Remix,165293,0.114,0.673,0.628,0.0,0.22,-6.997,0.0276,112.345,0.711,14
377,Sgt. Pepper's Lonely Hearts Club Band (Deluxe Edition),1967-06-01,Getting Better - Remix,167013,0.0647,0.599,0.538,0.0,0.0953,-6.893,0.0322,121.942,0.799,13
379,Sgt. Pepper's Lonely Hearts Club Band (Deluxe Edition),1967-06-01,She's Leaving Home - Remix,205840,0.884,0.372,0.317,0.0,0.117,-9.878,0.0317,133.606,0.205,12
382,Sgt. Pepper's Lonely Hearts Club Band (Deluxe Edition),1967-06-01,When I'm Sixty-Four - Remix,160013,0.467,0.693,0.3,0.0,0.142,-9.283,0.0591,138.216,0.587,11
381,Sgt. Pepper's Lonely Hearts Club Band (Deluxe Edition),1967-06-01,Within You Without You - Remix,307586,0.35,0.293,0.55,3.42e-05,0.289,-8.48,0.0348,125.172,0.377,11
380,Sgt. Pepper's Lonely Hearts Club Band (Deluxe Edition),1967-06-01,Being For The Benefit Of Mr. Kite! - Remix,159200,0.119,0.437,0.744,0.0,0.105,-5.27,0.0449,111.326,0.589,11
383,Sgt. Pepper's Lonely Hearts Club Band (Deluxe Edition),1967-06-01,Lovely Rita - Remix,165800,0.0069,0.577,0.675,0.0,0.0946,-5.521,0.0242,87.463,0.659,11
385,Sgt. Pepper's Lonely Hearts Club Band (Deluxe Edition),1967-06-01,Sgt. Pepper's Lonely Hearts Club Band (Reprise) - Remix,80600,0.000236,0.576,0.945,0.124,0.463,-5.376,0.0547,118.778,0.794,11
378,Sgt. Pepper's Lonely Hearts Club Band (Deluxe Edition),1967-06-01,Fixing A Hole - Remix,157960,0.486,0.412,0.653,0.0,0.0678,-7.209,0.0458,112.079,0.548,11
16,Abbey Road (Super Deluxe Edition),2019-09-27,Her Majesty - 2019 Mix,25120,0.647,0.742,0.182,2.9e-06,0.344,-20.25,0.0986,100.526,0.565,11
384,Sgt. Pepper's Lonely Hearts Club Band (Deluxe Edition),1967-06-01,Good Morning Good Morning - Remix,154466,0.000366,0.516,0.774,0.0,0.5,-6.955,0.0895,121.559,0.849,10
387,Sgt. Pepper's Lonely Hearts Club Band (Deluxe Edition),1967-06-01,Sgt. Pepper's Lonely Hearts Club Band - Take 9 And Speech,156440,0.291,0.583,0.687,0.0174,0.668,-7.932,0.0731,94.509,0.5,8
404,Sgt. Pepper's Lonely Hearts Club Band (Deluxe Edition),1967-06-01,Penny Lane - Stereo Mix 2017,179146,0.0341,0.628,0.522,0.00166,0.113,-7.616,0.0422,113.292,0.623,7
402,Sgt. Pepper's Lonely Hearts Club Band (Deluxe Edition),1967-06-01,Strawberry Fields Forever - Stereo Mix 2015,246413,0.363,0.387,0.628,0.000299,0.0884,-9.686,0.252,97.657,0.236,7
389,Sgt. Pepper's Lonely Hearts Club Band (Deluxe Edition),1967-06-01,Lucy In The Sky With Diamonds - Take 1,238866,0.749,0.423,0.361,4.31e-05,0.106,-12.382,0.0481,99.567,0.328,7
388,Sgt. Pepper's Lonely Hearts Club Band (Deluxe Edition),1967-06-01,With A Little Help From My Friends - Take 1 / False Start And Take 2 / Instrumental,196520,0.232,0.913,0.603,0.531,0.154,-7.878,0.107,111.388,0.38,7
394,Sgt. Pepper's Lonely Hearts Club Band (Deluxe Edition),1967-06-01,Within You Without You - Take 1 / Indian Instruments,333400,0.68,0.379,0.389,0.177,0.134,-13.086,0.0406,120.807,0.181,6
401,Sgt. Pepper's Lonely Hearts Club Band (Deluxe Edition),1967-06-01,Strawberry Fields Forever - Take 26,199813,0.211,0.443,0.745,0.000306,0.335,-9.862,0.168,110.83,0.29,6
391,Sgt. Pepper's Lonely Hearts Club Band (Deluxe Edition),1967-06-01,Fixing A Hole - Speech And Take 3,207840,0.162,0.591,0.554,7.85e-05,0.0437,-7.154,0.0538,113.629,0.641,6
390,Sgt. Pepper's Lonely Hearts Club Band (Deluxe Edition),1967-06-01,Getting Better - Take 1 / Instrumental And Speech At The End,138533,0.447,0.73,0.459,0.121,0.183,-10.511,0.0729,127.565,0.33,6
400,Sgt. Pepper's Lonely Hearts Club Band (Deluxe Edition),1967-06-01,Strawberry Fields Forever - Take 7,196880,0.736,0.368,0.427,8.82e-05,0.111,-10.515,0.25,178.664,0.329,6
399,Sgt. Pepper's Lonely Hearts Club Band (Deluxe Edition),1967-06-01,A Day In The Life - Take 1 With Hums,291960,0.919,0.483,0.326,0.000172,0.254,-11.599,0.0379,170.439,0.192,6
403,Sgt. Pepper's Lonely Hearts Club Band (Deluxe Edition),1967-06-01,Penny Lane - Take 6 / Instrumental,176706,0.669,0.9,0.5,0.796,0.118,-8.848,0.0961,120.795,0.147,5
395,Sgt. Pepper's Lonely Hearts Club Band (Deluxe Edition),1967-06-01,When I'm Sixty-Four - Take 2,178653,0.22,0.818,0.231,0.0,0.0747,-11.951,0.127,132.645,0.462,5
396,Sgt. Pepper's Lonely Hearts Club Band (Deluxe Edition),1967-06-01,Lovely Rita - Speech And Take 9,184360,0.255,0.464,0.719,0.0,0.384,-6.883,0.0672,180.83,0.687,5
392,Sgt. Pepper's Lonely Hearts Club Band (Deluxe Edition),1967-06-01,She's Leaving Home - Take 1 / Instrumental,229120,0.919,0.443,0.118,0.928,0.125,-12.964,0.0369,127.648,0.184,5
393,Sgt. Pepper's Lonely Hearts Club Band (Deluxe Edition),1967-06-01,Being For The Benefit Of Mr. Kite! - Take 4,187213,0.482,0.595,0.378,8.96e-06,0.432,-11.467,0.0488,111.717,0.536,5
398,Sgt. Pepper's Lonely Hearts Club Band (Deluxe Edition),1967-06-01,Sgt. Pepper's Lonely Hearts Club Band (Reprise) - Speech And Take 8,116066,0.259,0.796,0.786,0.000455,0.148,-7.07,0.0844,119.257,0.727,5
397,Sgt. Pepper's Lonely Hearts Club Band (Deluxe Edition),1967-06-01,Good Morning Good Morning - Take 8,166640,0.0234,0.75,0.503,0.000398,0.158,-10.564,0.0874,121.748,0.804,4
211,Live At The BBC (Remastered),1994-11-30,"From Us To You - Live At The BBC / Opening Theme From ""From Us To You"" / 1964",29586,0.0349,0.643,0.773,0.0514,0.08,-8.383,0.0395,139.013,0.88,3
243,Live At The BBC (Remastered),1994-11-30,"From Fluff To You - Live At The BBC For ""From Us To You Say The Beatles"" / 10th March, 1964",28066,0.753,0.719,0.0596,6.58e-06,0.12,-25.112,0.904,87.718,0.721,2
222,Live At The BBC (Remastered),1994-11-30,"Sha La La La La! - Live At The BBC For ""Pop Go The Beatles"" / 11th June, 1963",28160,0.583,0.803,0.349,0.0,0.457,-19.668,0.887,102.36,0.95,2
146,On Air - Live At The BBC (Vol.2),2013-11-11,"Absolutely Fab - Live At The BBC For ""Pop Go The Beatles"" / 25th June, 1963",27386,0.905,0.786,0.289,0.0,0.202,-17.944,0.939,62.393,0.949,1
138,On Air - Live At The BBC (Vol.2),2013-11-11,"Hey Paul…. - Live At The BBC For ""Pop Go The Beatles"" / 25th June, 1963",21066,0.852,0.769,0.16,0.0,0.153,-18.609,0.935,125.657,0.969,1
164,On Air - Live At The BBC (Vol.2),2013-11-11,"Bye, Bye - Live At The BBC For ""Pop Go The Beatles"" / 24th September, 1963",24066,0.979,0.628,0.201,0.0,0.154,-16.569,0.928,167.525,0.0,1
133,On Air - Live At The BBC (Vol.2),2013-11-11,"And Here We Are Again - Live At The BBC For ""Pop Go The Beatles"" / 23rd July, 1963",15428,0.773,0.772,0.306,0.0,0.281,-16.52,0.932,47.246,0.965,0
174,On Air - Live At The BBC (Vol.2),2013-11-11,"Now Hush, Hush - Live At The BBC For ""Easy Beat"" / 20th October, 1963",24440,0.93,0.449,0.507,0.0,0.924,-12.375,0.658,86.702,0.444,0
151,On Air - Live At The BBC (Vol.2),2013-11-11,"Lower 5E - Live At The BBC For ""Pop Go The Beatles"" / 10th September, 1963",23306,0.962,0.794,0.149,0.0,0.151,-15.714,0.946,129.03,0.96,0
160,On Air - Live At The BBC (Vol.2),2013-11-11,"The 49 Weeks - Live At The BBC For ""Pop Go The Beatles"" / 24th September, 1963",16626,0.977,0.861,0.2,0.0,0.221,-19.124,0.92,112.889,0.98,0
140,On Air - Live At The BBC (Vol.2),2013-11-11,"Hello! - Live At The BBC For ""Pop Go The Beatles"" / 25th June, 1963",18880,0.907,0.736,0.26,0.0,0.265,-19.874,0.943,130.195,0.973,0
210,Live At The BBC (Remastered),1994-11-30,"Beatles Greetings - Live At The BBC For ""The Public Ear"" / 3rd November, 1963",13773,0.878,0.0,0.29,0.0,0.789,-17.567,0.0,0.0,0.0,0
249,Live At The BBC (Remastered),1994-11-30,"Just A Rumour - Live At The BBC For ""From Us To You Say The Beatles"" / 30th March, 1964",20160,0.589,0.737,0.0586,0.0,0.392,-27.456,0.918,119.715,0.923,0
247,Live At The BBC (Remastered),1994-11-30,"Ringo? Yep! - Live At The BBC For ""From Us To You Say The Beatles"" / 30th March, 1964",13853,0.318,0.0,0.0613,0.0,0.317,-22.937,0.0,0.0,0.0,0
228,Live At The BBC (Remastered),1994-11-30,"A Little Rhyme - Live At The BBC For ""Pop Go The Beatles"" / 16th July, 1963",25693,0.82,0.744,0.182,0.0,0.276,-21.994,0.954,115.387,0.88,0
255,Live At The BBC (Remastered),1994-11-30,"1822! - Live At The BBC For ""Pop Go The Beatles"" / 23rd July, 1963",10360,0.953,0.0,0.0923,0.0,0.155,-20.653,0.0,0.0,0.0,0
